almacen,nom_oficio,ccosto,gestor,tipo_tienda,zona,logitud,latitud,mes,año,total_activos,total_retiros,total_ausentismo,total_accidentes,fecha
002 TIENDA KOAJ 2,ADMINISTRADOR(A) DE TIENDA,42021.0,JORGE TRUJILLO PROMO,Estándar,TIENDA PROMOCIONAL,-74.1139475630901,4.6344897330793,ENERO,2025,1,0,0,0,1/2025
002 TIENDA KOAJ 2,CAJERO(A) 36 H,42021.0,JORGE TRUJILLO PROMO,Estándar,TIENDA PROMOCIONAL,-74.1139475630901,4.6344897330793,ENERO,2025,2,0,0,0,1/2025
002 TIENDA KOAJ 2,COADMINISTRADOR(A) DE TIENDA,42021.0,JORGE TRUJILLO PROMO,Estándar,TIENDA PROMOCIONAL,-74.1139475630901,4.6344897330793,ENERO,2025,1,0,0,0,1/2025
002 TIENDA KOAJ 2,STAFF COMERCIAL 36 H,42021.0,JORGE TRUJILLO PROMO,Estándar,TIENDA PROMOCIONAL,-74.1139475630901,4.6344897330793,ENERO,2025,7,0,0,0,1/2025
002 TIENDA KOAJ 2,STAFF COMERCIAL 48 H,42021.0,JORGE TRUJILLO PROMO,Estándar,TIENDA PROMOCIONAL,-74.1139475630901,4.6344897330793,ENERO,2025,2,0,0,0,1/2025
003 TIENDA KOAJ 4,CAJERO(A) 36 H,42022.0,JORGE TRUJILLO PROMO,Estándar,TIENDA PROMOCIONAL,-74.1158711342548,4.62922534747273,ENERO,2025,1,0,0,0,1/2025
003 TIENDA KOAJ 4,CAJERO(A) 48 H,42022.0,JORGE TRUJILLO PROMO,Estándar,TIENDA PROMOCIONAL,-74.1158711342548,4.62922534747273,ENERO,2025,1,0,0,0,1/2025
003 TIENDA KOAJ 4,COADMINISTRADOR(A) DE TIENDA,42022.0,JORGE TRUJILLO PROMO,Estándar,TIENDA PROMOCIONAL,-74.1158711342548,4.62922534747273,ENERO,2025,1,0,0,0,1/2025
003 TIENDA KOAJ 4,STAFF COMERCIAL 36 H,42022.0,JORGE TRUJILLO PROMO,Estándar,TIENDA PROMOCIONAL,-74.1158711342548,4.62922534747273,ENERO,2025,6,0,0,0,1/2025
003 TIENDA KOAJ 4,STAFF COMERCIAL 48 H,42022.0,JORGE TRUJILLO PROMO,Estándar,TIENDA PROMOCIONAL,-74.1158711342548,4.62922534747273,ENERO,2025,3,0,0,0,1/2025
009 TIENDA KOAJ GALERIAS,ADMINISTRADOR(A) DE TIENDA,42122.0,ANDRES SEGURA,Estándar,ZONA CENTRO,-74.0746307765837,4.6421587872524,ENERO,2025,1,0,0,0,1/2025
009 TIENDA KOAJ GALERIAS,CAJERO(A) 36 H,42122.0,ANDRES SEGURA,Estándar,ZONA CENTRO,-74.0746307765837,4.6421587872524,ENERO,2025,1,0,0,0,1/2025
009 TIENDA KOAJ GALERIAS,CAJERO(A) 48 H,42122.0,ANDRES SEGURA,Estándar,ZONA CENTRO,-74.0746307765837,4.6421587872524,ENERO,2025,1,0,0,0,1/2025
009 TIENDA KOAJ GALERIAS,COADMINISTRADOR(A) DE TIENDA,42122.0,ANDRES SEGURA,Estándar,ZONA CENTRO,-74.0746307765837,4.6421587872524,ENERO,2025,1,0,0,0,1/2025
009 TIENDA KOAJ GALERIAS,STAFF COMERCIAL 36 H,42122.0,ANDRES SEGURA,Estándar,ZONA CENTRO,-74.0746307765837,4.6421587872524,ENERO,2025,3,0,0,0,1/2025
009 TIENDA KOAJ GALERIAS,STAFF COMERCIAL 48 H,42122.0,ANDRES SEGURA,Estándar,ZONA CENTRO,-74.0746307765837,4.6421587872524,ENERO,2025,2,0,0,0,1/2025
012 TIENDA KOAJ SUBA IMPERIAL,ADMINISTRADOR(A) DE TIENDA,42118.0,ANGIE VEGA,Pareto,ZONA NORTE,-74.0954028765829,4.74906071525707,ENERO,2025,1,0,0,0,1/2025
012 TIENDA KOAJ SUBA IMPERIAL,CAJERO(A) 36 H,42118.0,ANGIE VEGA,Pareto,ZONA NORTE,-74.0954028765829,4.74906071525707,ENERO,2025,4,0,0,0,1/2025
012 TIENDA KOAJ SUBA IMPERIAL,CAJERO(A) 48 H,42118.0,ANGIE VEGA,Pareto,ZONA NORTE,-74.0954028765829,4.74906071525707,ENERO,2025,2,0,0,0,1/2025
012 TIENDA KOAJ SUBA IMPERIAL,COADMINISTRADOR(A) DE TIENDA,42118.0,ANGIE VEGA,Pareto,ZONA NORTE,-74.0954028765829,4.74906071525707,ENERO,2025,1,0,0,0,1/2025
012 TIENDA KOAJ SUBA IMPERIAL,PARTNER COMERCIAL,42118.0,ANGIE VEGA,Pareto,ZONA NORTE,-74.0954028765829,4.74906071525707,ENERO,2025,1,0,0,0,1/2025
012 TIENDA KOAJ SUBA IMPERIAL,STAFF COMERCIAL 36 H,42118.0,ANGIE VEGA,Pareto,ZONA NORTE,-74.0954028765829,4.74906071525707,ENERO,2025,20,0,0,0,1/2025
012 TIENDA KOAJ SUBA IMPERIAL,STAFF COMERCIAL 48 H,42118.0,ANGIE VEGA,Pareto,ZONA NORTE,-74.0954028765829,4.74906071525707,ENERO,2025,8,0,0,0,1/2025
026 TIENDA KOAJ SAN MARTIN P2,ADMINISTRADOR(A) DE TIENDA,42059.0,JORGE TRUJILLO PROMO,Estándar,TIENDA PROMOCIONAL,-74.0679326919259,4.61906525716996,ENERO,2025,1,0,0,0,1/2025
026 TIENDA KOAJ SAN MARTIN P2,CAJERO(A) 48 H,42059.0,JORGE TRUJILLO PROMO,Estándar,TIENDA PROMOCIONAL,-74.0679326919259,4.61906525716996,ENERO,2025,2,0,0,0,1/2025
026 TIENDA KOAJ SAN MARTIN P2,COADMINISTRADOR(A) DE TIENDA,42059.0,JORGE TRUJILLO PROMO,Estándar,TIENDA PROMOCIONAL,-74.0679326919259,4.61906525716996,ENERO,2025,1,0,0,0,1/2025
026 TIENDA KOAJ SAN MARTIN P2,STAFF COMERCIAL 36 H,42059.0,JORGE TRUJILLO PROMO,Estándar,TIENDA PROMOCIONAL,-74.0679326919259,4.61906525716996,ENERO,2025,4,0,0,0,1/2025
026 TIENDA KOAJ SAN MARTIN P2,STAFF COMERCIAL 48 H,42059.0,JORGE TRUJILLO PROMO,Estándar,TIENDA PROMOCIONAL,-74.0679326919259,4.61906525716996,ENERO,2025,2,0,0,0,1/2025
031 TIENDA KOAJ CAFAM FLORESTA,ADMINISTRADOR(A) DE TIENDA,41029.0,FREDY GAVIRIA,Estándar,ZONA NOROCCIDENTE ,-74.074523390077,4.68687649823262,ENERO,2025,1,0,0,0,1/2025
031 TIENDA KOAJ CAFAM FLORESTA,CAJERO(A) 36 H,41029.0,FREDY GAVIRIA,Estándar,ZONA NOROCCIDENTE ,-74.074523390077,4.68687649823262,ENERO,2025,1,0,0,0,1/2025
031 TIENDA KOAJ CAFAM FLORESTA,CAJERO(A) 48 H,41029.0,FREDY GAVIRIA,Estándar,ZONA NOROCCIDENTE ,-74.074523390077,4.68687649823262,ENERO,2025,1,0,0,0,1/2025
031 TIENDA KOAJ CAFAM FLORESTA,COADMINISTRADOR(A) DE TIENDA,41029.0,FREDY GAVIRIA,Estándar,ZONA NOROCCIDENTE ,-74.074523390077,4.68687649823262,ENERO,2025,1,0,0,0,1/2025
031 TIENDA KOAJ CAFAM FLORESTA,STAFF COMERCIAL 36 H,41029.0,FREDY GAVIRIA,Estándar,ZONA NOROCCIDENTE ,-74.074523390077,4.68687649823262,ENERO,2025,3,0,0,0,1/2025
031 TIENDA KOAJ CAFAM FLORESTA,STAFF COMERCIAL 48 H,41029.0,FREDY GAVIRIA,Estándar,ZONA NOROCCIDENTE ,-74.074523390077,4.68687649823262,ENERO,2025,2,0,0,0,1/2025
036 TIENDA KOAJ UNICENTRO BOGOTA,ADMINISTRADOR(A) DE TIENDA,42126.0,ANGIE VEGA,Formadora,ZONA NORTE,-74.0410495342542,4.70289265687802,ENERO,2025,1,0,0,0,1/2025
036 TIENDA KOAJ UNICENTRO BOGOTA,CAJERO(A) 36 H,42126.0,ANGIE VEGA,Formadora,ZONA NORTE,-74.0410495342542,4.70289265687802,ENERO,2025,1,0,0,0,1/2025
036 TIENDA KOAJ UNICENTRO BOGOTA,CAJERO(A) 48 H,42126.0,ANGIE VEGA,Formadora,ZONA NORTE,-74.0410495342542,4.70289265687802,ENERO,2025,1,0,0,0,1/2025
036 TIENDA KOAJ UNICENTRO BOGOTA,COADMINISTRADOR(A) DE TIENDA,42126.0,ANGIE VEGA,Formadora,ZONA NORTE,-74.0410495342542,4.70289265687802,ENERO,2025,1,0,0,0,1/2025
036 TIENDA KOAJ UNICENTRO BOGOTA,STAFF COMERCIAL 36 H,42126.0,ANGIE VEGA,Formadora,ZONA NORTE,-74.0410495342542,4.70289265687802,ENERO,2025,8,0,0,0,1/2025
036 TIENDA KOAJ UNICENTRO BOGOTA,STAFF COMERCIAL 48 H,42126.0,ANGIE VEGA,Formadora,ZONA NORTE,-74.0410495342542,4.70289265687802,ENERO,2025,3,0,0,0,1/2025
037 TIENDA KOAJ CALLE 18 MONTEVIDEO,ADMINISTRADOR(A) DE TIENDA,42135.0,CESAR GONZALEZ,Formadora,ZONA AMERICAS,-74.120375005419,4.64525807364437,ENERO,2025,1,0,0,0,1/2025
037 TIENDA KOAJ CALLE 18 MONTEVIDEO,CAJERO(A) 36 H,42135.0,CESAR GONZALEZ,Formadora,ZONA AMERICAS,-74.120375005419,4.64525807364437,ENERO,2025,2,0,0,0,1/2025
037 TIENDA KOAJ CALLE 18 MONTEVIDEO,CAJERO(A) 48 H,42135.0,CESAR GONZALEZ,Formadora,ZONA AMERICAS,-74.120375005419,4.64525807364437,ENERO,2025,1,0,0,0,1/2025
037 TIENDA KOAJ CALLE 18 MONTEVIDEO,COADMINISTRADOR(A) DE TIENDA,42135.0,CESAR GONZALEZ,Formadora,ZONA AMERICAS,-74.120375005419,4.64525807364437,ENERO,2025,1,0,0,0,1/2025
037 TIENDA KOAJ CALLE 18 MONTEVIDEO,STAFF COMERCIAL 36 H,42135.0,CESAR GONZALEZ,Formadora,ZONA AMERICAS,-74.120375005419,4.64525807364437,ENERO,2025,5,0,0,0,1/2025
037 TIENDA KOAJ CALLE 18 MONTEVIDEO,STAFF COMERCIAL 48 H,42135.0,CESAR GONZALEZ,Formadora,ZONA AMERICAS,-74.120375005419,4.64525807364437,ENERO,2025,3,0,0,0,1/2025
041 TIENDA KOAJ CRA 62 N,ADMINISTRADOR(A) DE TIENDA,42095.0,CESAR GONZALEZ,Pareto,ZONA AMERICAS,-74.1168061441133,4.62950267406945,ENERO,2025,1,0,0,0,1/2025
041 TIENDA KOAJ CRA 62 N,CAJERO(A) 36 H,42095.0,CESAR GONZALEZ,Pareto,ZONA AMERICAS,-74.1168061441133,4.62950267406945,ENERO,2025,7,0,0,0,1/2025
041 TIENDA KOAJ CRA 62 N,CAJERO(A) 48 H,42095.0,CESAR GONZALEZ,Pareto,ZONA AMERICAS,-74.1168061441133,4.62950267406945,ENERO,2025,4,0,0,0,1/2025
041 TIENDA KOAJ CRA 62 N,COADMINISTRADOR(A) DE TIENDA,42095.0,CESAR GONZALEZ,Pareto,ZONA AMERICAS,-74.1168061441133,4.62950267406945,ENERO,2025,1,0,0,0,1/2025
041 TIENDA KOAJ CRA 62 N,PARTNER COMERCIAL,42095.0,CESAR GONZALEZ,Pareto,ZONA AMERICAS,-74.1168061441133,4.62950267406945,ENERO,2025,2,0,0,0,1/2025
041 TIENDA KOAJ CRA 62 N,STAFF COMERCIAL 36 H,42095.0,CESAR GONZALEZ,Pareto,ZONA AMERICAS,-74.1168061441133,4.62950267406945,ENERO,2025,21,0,0,0,1/2025
041 TIENDA KOAJ CRA 62 N,STAFF COMERCIAL 48 H,42095.0,CESAR GONZALEZ,Pareto,ZONA AMERICAS,-74.1168061441133,4.62950267406945,ENERO,2025,11,0,0,0,1/2025
042 TIENDA KOAJ CENTRO MAYOR,ADMINISTRADOR(A) DE TIENDA,42096.0,ALEXANDER RIOS,Pareto,ZONA SUR ORIENTE,-74.1233227441149,4.59188786198875,ENERO,2025,1,0,0,0,1/2025
042 TIENDA KOAJ CENTRO MAYOR,CAJERO(A) 36 H,42096.0,ALEXANDER RIOS,Pareto,ZONA SUR ORIENTE,-74.1233227441149,4.59188786198875,ENERO,2025,6,0,0,0,1/2025
042 TIENDA KOAJ CENTRO MAYOR,CAJERO(A) 48 H,42096.0,ALEXANDER RIOS,Pareto,ZONA SUR ORIENTE,-74.1233227441149,4.59188786198875,ENERO,2025,3,0,0,0,1/2025
042 TIENDA KOAJ CENTRO MAYOR,COADMINISTRADOR(A) DE TIENDA,42096.0,ALEXANDER RIOS,Pareto,ZONA SUR ORIENTE,-74.1233227441149,4.59188786198875,ENERO,2025,1,0,0,0,1/2025
042 TIENDA KOAJ CENTRO MAYOR,PARTNER COMERCIAL,42096.0,ALEXANDER RIOS,Pareto,ZONA SUR ORIENTE,-74.1233227441149,4.59188786198875,ENERO,2025,2,0,0,0,1/2025
042 TIENDA KOAJ CENTRO MAYOR,STAFF COMERCIAL 36 H,42096.0,ALEXANDER RIOS,Pareto,ZONA SUR ORIENTE,-74.1233227441149,4.59188786198875,ENERO,2025,27,0,0,1,1/2025
042 TIENDA KOAJ CENTRO MAYOR,STAFF COMERCIAL 36 H,42096.0,ALEXANDER RIOS,Pareto,ZONA SUR ORIENTE,-74.1233227441149,4.59188786198875,ENERO,2025,1,0,1,1,1/2025
042 TIENDA KOAJ CENTRO MAYOR,STAFF COMERCIAL 48 H,42096.0,ALEXANDER RIOS,Pareto,ZONA SUR ORIENTE,-74.1233227441149,4.59188786198875,ENERO,2025,10,0,0,0,1/2025
054 TIENDA KOAJ CALIMA BOGOTA,ADMINISTRADOR(A) DE TIENDA,42131.0,ANDRES SEGURA,Pareto,ZONA CENTRO,-74.0857372754014,4.6197599923883,ENERO,2025,1,0,0,0,1/2025
054 TIENDA KOAJ CALIMA BOGOTA,CAJERO(A) 36 H,42131.0,ANDRES SEGURA,Pareto,ZONA CENTRO,-74.0857372754014,4.6197599923883,ENERO,2025,2,0,0,0,1/2025
054 TIENDA KOAJ CALIMA BOGOTA,CAJERO(A) 48 H,42131.0,ANDRES SEGURA,Pareto,ZONA CENTRO,-74.0857372754014,4.6197599923883,ENERO,2025,1,0,0,0,1/2025
054 TIENDA KOAJ CALIMA BOGOTA,COADMINISTRADOR(A) DE TIENDA,42131.0,ANDRES SEGURA,Pareto,ZONA CENTRO,-74.0857372754014,4.6197599923883,ENERO,2025,1,0,0,0,1/2025
054 TIENDA KOAJ CALIMA BOGOTA,PARTNER COMERCIAL,42131.0,ANDRES SEGURA,Pareto,ZONA CENTRO,-74.0857372754014,4.6197599923883,ENERO,2025,2,0,0,0,1/2025
054 TIENDA KOAJ CALIMA BOGOTA,STAFF COMERCIAL 36 H,42131.0,ANDRES SEGURA,Pareto,ZONA CENTRO,-74.0857372754014,4.6197599923883,ENERO,2025,11,0,0,0,1/2025
054 TIENDA KOAJ CALIMA BOGOTA,STAFF COMERCIAL 48 H,42131.0,ANDRES SEGURA,Pareto,ZONA CENTRO,-74.0857372754014,4.6197599923883,ENERO,2025,5,0,0,0,1/2025
056 TIENDA KOAJ DIVER PLAZA,ADMINISTRADOR(A) DE TIENDA,42138.0,FREDY GAVIRIA,Estándar,ZONA NOROCCIDENTE,-74.1150125612413,4.70083405175396,ENERO,2025,1,0,0,0,1/2025
056 TIENDA KOAJ DIVER PLAZA,CAJERO(A) 36 H,42138.0,FREDY GAVIRIA,Estándar,ZONA NOROCCIDENTE,-74.1150125612413,4.70083405175396,ENERO,2025,1,0,0,0,1/2025
056 TIENDA KOAJ DIVER PLAZA,CAJERO(A) 48 H,42138.0,FREDY GAVIRIA,Estándar,ZONA NOROCCIDENTE,-74.1150125612413,4.70083405175396,ENERO,2025,1,0,0,0,1/2025
056 TIENDA KOAJ DIVER PLAZA,COADMINISTRADOR(A) DE TIENDA,42138.0,FREDY GAVIRIA,Estándar,ZONA NOROCCIDENTE,-74.1150125612413,4.70083405175396,ENERO,2025,1,0,0,0,1/2025
056 TIENDA KOAJ DIVER PLAZA,STAFF COMERCIAL 36 H,42138.0,FREDY GAVIRIA,Estándar,ZONA NOROCCIDENTE,-74.1150125612413,4.70083405175396,ENERO,2025,6,0,0,0,1/2025
056 TIENDA KOAJ DIVER PLAZA,STAFF COMERCIAL 48 H,42138.0,FREDY GAVIRIA,Estándar,ZONA NOROCCIDENTE,-74.1150125612413,4.70083405175396,ENERO,2025,3,0,0,0,1/2025
060 TIENDA KOAJ CHAPINERO,ADMINISTRADOR(A) DE TIENDA,42146.0,ANDRES SEGURA,Formadora,ZONA CENTRO,-74.0635903495965,4.65043696566475,ENERO,2025,1,0,0,0,1/2025
060 TIENDA KOAJ CHAPINERO,CAJERO(A) 48 H,42146.0,ANDRES SEGURA,Formadora,ZONA CENTRO,-74.0635903495965,4.65043696566475,ENERO,2025,2,0,0,0,1/2025
060 TIENDA KOAJ CHAPINERO,COADMINISTRADOR(A) DE TIENDA,42146.0,ANDRES SEGURA,Formadora,ZONA CENTRO,-74.0635903495965,4.65043696566475,ENERO,2025,1,0,0,0,1/2025
060 TIENDA KOAJ CHAPINERO,STAFF COMERCIAL 36 H,42146.0,ANDRES SEGURA,Formadora,ZONA CENTRO,-74.0635903495965,4.65043696566475,ENERO,2025,6,0,0,0,1/2025
060 TIENDA KOAJ CHAPINERO,STAFF COMERCIAL 48 H,42146.0,ANDRES SEGURA,Formadora,ZONA CENTRO,-74.0635903495965,4.65043696566475,ENERO,2025,3,0,0,0,1/2025
068  TIENDA KOAJ HAYUELOS,ADMINISTRADOR(A) DE TIENDA,42162.0,CESAR GONZALEZ,Estándar,ZONA AMERICAS,-74.1308544477482,4.66378270170193,ENERO,2025,1,0,0,0,1/2025
068  TIENDA KOAJ HAYUELOS,CAJERO(A) 36 H,42162.0,CESAR GONZALEZ,Estándar,ZONA AMERICAS,-74.1308544477482,4.66378270170193,ENERO,2025,1,0,0,0,1/2025
068  TIENDA KOAJ HAYUELOS,CAJERO(A) 48 H,42162.0,CESAR GONZALEZ,Estándar,ZONA AMERICAS,-74.1308544477482,4.66378270170193,ENERO,2025,1,0,0,0,1/2025
068  TIENDA KOAJ HAYUELOS,COADMINISTRADOR(A) DE TIENDA,42162.0,CESAR GONZALEZ,Estándar,ZONA AMERICAS,-74.1308544477482,4.66378270170193,ENERO,2025,1,0,0,0,1/2025
068  TIENDA KOAJ HAYUELOS,STAFF COMERCIAL 36 H,42162.0,CESAR GONZALEZ,Estándar,ZONA AMERICAS,-74.1308544477482,4.66378270170193,ENERO,2025,6,0,0,0,1/2025
068  TIENDA KOAJ HAYUELOS,STAFF COMERCIAL 48 H,42162.0,CESAR GONZALEZ,Estándar,ZONA AMERICAS,-74.1308544477482,4.66378270170193,ENERO,2025,4,0,0,0,1/2025
070 TIENDA KOAJ TINTAL,ADMINISTRADOR(A) DE TIENDA,42170.0,JORGE TRUJILLO LINEA,Pareto,ZONA SUR ,-74.1563797342547,4.64211158090913,ENERO,2025,1,0,0,0,1/2025
070 TIENDA KOAJ TINTAL,CAJERO(A) 36 H,42170.0,JORGE TRUJILLO LINEA,Pareto,ZONA SUR ,-74.1563797342547,4.64211158090913,ENERO,2025,2,0,0,0,1/2025
070 TIENDA KOAJ TINTAL,CAJERO(A) 48 H,42170.0,JORGE TRUJILLO LINEA,Pareto,ZONA SUR ,-74.1563797342547,4.64211158090913,ENERO,2025,1,0,0,0,1/2025
070 TIENDA KOAJ TINTAL,COADMINISTRADOR(A) DE TIENDA,42170.0,JORGE TRUJILLO LINEA,Pareto,ZONA SUR ,-74.1563797342547,4.64211158090913,ENERO,2025,1,0,0,0,1/2025
070 TIENDA KOAJ TINTAL,PARTNER COMERCIAL,42170.0,JORGE TRUJILLO LINEA,Pareto,ZONA SUR ,-74.1563797342547,4.64211158090913,ENERO,2025,2,0,0,0,1/2025
070 TIENDA KOAJ TINTAL,STAFF COMERCIAL 36 H,42170.0,JORGE TRUJILLO LINEA,Pareto,ZONA SUR ,-74.1563797342547,4.64211158090913,ENERO,2025,10,0,0,0,1/2025
070 TIENDA KOAJ TINTAL,STAFF COMERCIAL 48 H,42170.0,JORGE TRUJILLO LINEA,Pareto,ZONA SUR ,-74.1563797342547,4.64211158090913,ENERO,2025,6,0,0,0,1/2025
073 TIENDA URBANA MICENTRO - EL PORVEN,ADMINISTRADOR(A) DE TIENDA,42167.0,JORGE TRUJILLO LINEA,Estándar,ZONA SUR ,-74.1886318630902,4.63534256400299,ENERO,2025,1,0,0,0,1/2025
073 TIENDA URBANA MICENTRO - EL PORVEN,CAJERO(A) 36 H,42167.0,JORGE TRUJILLO LINEA,Estándar,ZONA SUR ,-74.1886318630902,4.63534256400299,ENERO,2025,2,0,0,0,1/2025
073 TIENDA URBANA MICENTRO - EL PORVEN,COADMINISTRADOR(A) DE TIENDA,42167.0,JORGE TRUJILLO LINEA,Estándar,ZONA SUR ,-74.1886318630902,4.63534256400299,ENERO,2025,1,0,0,0,1/2025
073 TIENDA URBANA MICENTRO - EL PORVEN,STAFF COMERCIAL 36 H,42167.0,JORGE TRUJILLO LINEA,Estándar,ZONA SUR ,-74.1886318630902,4.63534256400299,ENERO,2025,8,0,0,0,1/2025
073 TIENDA URBANA MICENTRO - EL PORVEN,STAFF COMERCIAL 48 H,42167.0,JORGE TRUJILLO LINEA,Estándar,ZONA SUR ,-74.1886318630902,4.63534256400299,ENERO,2025,4,0,0,0,1/2025
076 TIENDA KOAJ SANTAFE 1,ADMINISTRADOR(A) DE TIENDA,42184.0,ANGIE VEGA,Pareto,ZONA NORTE,-74.0464718324053,4.76270220643749,ENERO,2025,1,0,0,0,1/2025
076 TIENDA KOAJ SANTAFE 1,CAJERO(A) 36 H,42184.0,ANGIE VEGA,Pareto,ZONA NORTE,-74.0464718324053,4.76270220643749,ENERO,2025,2,0,0,0,1/2025
076 TIENDA KOAJ SANTAFE 1,CAJERO(A) 48 H,42184.0,ANGIE VEGA,Pareto,ZONA NORTE,-74.0464718324053,4.76270220643749,ENERO,2025,1,0,0,0,1/2025
076 TIENDA KOAJ SANTAFE 1,COADMINISTRADOR(A) DE TIENDA,42184.0,ANGIE VEGA,Pareto,ZONA NORTE,-74.0464718324053,4.76270220643749,ENERO,2025,1,0,0,0,1/2025
076 TIENDA KOAJ SANTAFE 1,PARTNER COMERCIAL,42184.0,ANGIE VEGA,Pareto,ZONA NORTE,-74.0464718324053,4.76270220643749,ENERO,2025,1,0,0,0,1/2025
076 TIENDA KOAJ SANTAFE 1,STAFF COMERCIAL 36 H,42184.0,ANGIE VEGA,Pareto,ZONA NORTE,-74.0464718324053,4.76270220643749,ENERO,2025,9,0,0,0,1/2025
076 TIENDA KOAJ SANTAFE 1,STAFF COMERCIAL 48 H,42184.0,ANGIE VEGA,Pareto,ZONA NORTE,-74.0464718324053,4.76270220643749,ENERO,2025,4,0,0,0,1/2025
079 TIENDA KOAJ PLAZA DE LAS AMERICAS 1,ADMINISTRADOR(A) DE TIENDA,42194.0,JORGE TRUJILLO LINEA,Estándar,ZONA SUR ,-74.1351579189129,4.61897352117576,ENERO,2025,1,0,0,0,1/2025
079 TIENDA KOAJ PLAZA DE LAS AMERICAS 1,CAJERO(A) 36 H,42194.0,JORGE TRUJILLO LINEA,Estándar,ZONA SUR ,-74.1351579189129,4.61897352117576,ENERO,2025,3,0,0,0,1/2025
079 TIENDA KOAJ PLAZA DE LAS AMERICAS 1,CAJERO(A) 48 H,42194.0,JORGE TRUJILLO LINEA,Estándar,ZONA SUR ,-74.1351579189129,4.61897352117576,ENERO,2025,1,0,0,0,1/2025
079 TIENDA KOAJ PLAZA DE LAS AMERICAS 1,COADMINISTRADOR(A) DE TIENDA,42194.0,JORGE TRUJILLO LINEA,Estándar,ZONA SUR ,-74.1351579189129,4.61897352117576,ENERO,2025,1,0,0,0,1/2025
079 TIENDA KOAJ PLAZA DE LAS AMERICAS 1,PARTNER COMERCIAL,42194.0,JORGE TRUJILLO LINEA,Estándar,ZONA SUR ,-74.1351579189129,4.61897352117576,ENERO,2025,1,0,0,0,1/2025
079 TIENDA KOAJ PLAZA DE LAS AMERICAS 1,STAFF COMERCIAL 36 H,42194.0,JORGE TRUJILLO LINEA,Estándar,ZONA SUR ,-74.1351579189129,4.61897352117576,ENERO,2025,7,0,0,0,1/2025
079 TIENDA KOAJ PLAZA DE LAS AMERICAS 1,STAFF COMERCIAL 48 H,42194.0,JORGE TRUJILLO LINEA,Estándar,ZONA SUR ,-74.1351579189129,4.61897352117576,ENERO,2025,4,0,0,0,1/2025
081 TIENDA KOAJ K-60,ADMINISTRADOR(A) DE TIENDA,42168.0,CESAR GONZALEZ,Pareto,ZONA AMERICAS,-7.41143864786551,4.62975867813013,ENERO,2025,1,0,0,0,1/2025
081 TIENDA KOAJ K-60,CAJERO(A) 36 H,42168.0,CESAR GONZALEZ,Pareto,ZONA AMERICAS,-7.41143864786551,4.62975867813013,ENERO,2025,5,0,0,0,1/2025
081 TIENDA KOAJ K-60,CAJERO(A) 48 H,42168.0,CESAR GONZALEZ,Pareto,ZONA AMERICAS,-7.41143864786551,4.62975867813013,ENERO,2025,2,0,0,0,1/2025
081 TIENDA KOAJ K-60,COADMINISTRADOR(A) DE TIENDA,42168.0,CESAR GONZALEZ,Pareto,ZONA AMERICAS,-7.41143864786551,4.62975867813013,ENERO,2025,1,0,0,0,1/2025
081 TIENDA KOAJ K-60,PARTNER COMERCIAL,42168.0,CESAR GONZALEZ,Pareto,ZONA AMERICAS,-7.41143864786551,4.62975867813013,ENERO,2025,2,0,0,0,1/2025
081 TIENDA KOAJ K-60,STAFF COMERCIAL 36 H,42168.0,CESAR GONZALEZ,Pareto,ZONA AMERICAS,-7.41143864786551,4.62975867813013,ENERO,2025,27,0,0,0,1/2025
081 TIENDA KOAJ K-60,STAFF COMERCIAL 48 H,42168.0,CESAR GONZALEZ,Pareto,ZONA AMERICAS,-7.41143864786551,4.62975867813013,ENERO,2025,9,0,0,0,1/2025
083 TIENDA KOAJ CENTRO BOGOTA,CAJERO(A) 36 H,42198.0,ANDRES SEGURA,Pareto,ZONA CENTRO,-74.0719192729499,4.60412726947095,ENERO,2025,2,0,0,0,1/2025
083 TIENDA KOAJ CENTRO BOGOTA,COADMINISTRADOR(A) DE TIENDA,42198.0,ANDRES SEGURA,Pareto,ZONA CENTRO,-74.0719192729499,4.60412726947095,ENERO,2025,1,0,0,0,1/2025
083 TIENDA KOAJ CENTRO BOGOTA,PARTNER COMERCIAL,42198.0,ANDRES SEGURA,Pareto,ZONA CENTRO,-74.0719192729499,4.60412726947095,ENERO,2025,1,0,0,0,1/2025
083 TIENDA KOAJ CENTRO BOGOTA,STAFF COMERCIAL 36 H,42198.0,ANDRES SEGURA,Pareto,ZONA CENTRO,-74.0719192729499,4.60412726947095,ENERO,2025,9,0,0,0,1/2025
083 TIENDA KOAJ CENTRO BOGOTA,STAFF COMERCIAL 48 H,42198.0,ANDRES SEGURA,Pareto,ZONA CENTRO,-74.0719192729499,4.60412726947095,ENERO,2025,4,0,0,0,1/2025
086 TIENDA KOAJ KENNEDY 1,ADMINISTRADOR(A) DE TIENDA,42216.0,JORGE TRUJILLO PROMO,Estándar,TIENDA PROMOCIONAL,-74.1529544017847,4.62002855258963,ENERO,2025,1,0,0,0,1/2025
086 TIENDA KOAJ KENNEDY 1,CAJERO(A) 48 H,42216.0,JORGE TRUJILLO PROMO,Estándar,TIENDA PROMOCIONAL,-74.1529544017847,4.62002855258963,ENERO,2025,2,0,0,0,1/2025
086 TIENDA KOAJ KENNEDY 1,COADMINISTRADOR(A) DE TIENDA,42216.0,JORGE TRUJILLO PROMO,Estándar,TIENDA PROMOCIONAL,-74.1529544017847,4.62002855258963,ENERO,2025,1,0,0,0,1/2025
086 TIENDA KOAJ KENNEDY 1,STAFF COMERCIAL 36 H,42216.0,JORGE TRUJILLO PROMO,Estándar,TIENDA PROMOCIONAL,-74.1529544017847,4.62002855258963,ENERO,2025,5,0,0,0,1/2025
086 TIENDA KOAJ KENNEDY 1,STAFF COMERCIAL 48 H,42216.0,JORGE TRUJILLO PROMO,Estándar,TIENDA PROMOCIONAL,-74.1529544017847,4.62002855258963,ENERO,2025,3,0,0,0,1/2025
087 TIENDA KOAJ SANTAFE 2,ADMINISTRADOR(A) DE TIENDA,42219.0,ANGIE VEGA,Formadora,ZONA NORTE,-74.0454953495956,4.76326483087979,ENERO,2025,1,0,0,0,1/2025
087 TIENDA KOAJ SANTAFE 2,CAJERO(A) 48 H,42219.0,ANGIE VEGA,Formadora,ZONA NORTE,-74.0454953495956,4.76326483087979,ENERO,2025,1,0,0,0,1/2025
087 TIENDA KOAJ SANTAFE 2,COADMINISTRADOR(A) DE TIENDA,42219.0,ANGIE VEGA,Formadora,ZONA NORTE,-74.0454953495956,4.76326483087979,ENERO,2025,1,0,0,0,1/2025
087 TIENDA KOAJ SANTAFE 2,STAFF COMERCIAL 36 H,42219.0,ANGIE VEGA,Formadora,ZONA NORTE,-74.0454953495956,4.76326483087979,ENERO,2025,7,0,0,0,1/2025
087 TIENDA KOAJ SANTAFE 2,STAFF COMERCIAL 48 H,42219.0,ANGIE VEGA,Formadora,ZONA NORTE,-74.0454953495956,4.76326483087979,ENERO,2025,2,0,0,0,1/2025
090 TIENDA KOAJ KENNEDY 2,ADMINISTRADOR(A) DE TIENDA,42224.0,JORGE TRUJILLO LINEA,Estándar,ZONA SUR ,-74.150556845962,4.62239439729421,ENERO,2025,1,0,0,0,1/2025
090 TIENDA KOAJ KENNEDY 2,CAJERO(A) 36 H,42224.0,JORGE TRUJILLO LINEA,Estándar,ZONA SUR ,-74.150556845962,4.62239439729421,ENERO,2025,1,0,0,0,1/2025
090 TIENDA KOAJ KENNEDY 2,CAJERO(A) 48 H,42224.0,JORGE TRUJILLO LINEA,Estándar,ZONA SUR ,-74.150556845962,4.62239439729421,ENERO,2025,1,0,0,0,1/2025
090 TIENDA KOAJ KENNEDY 2,COADMINISTRADOR(A) DE TIENDA,42224.0,JORGE TRUJILLO LINEA,Estándar,ZONA SUR ,-74.150556845962,4.62239439729421,ENERO,2025,1,0,0,0,1/2025
090 TIENDA KOAJ KENNEDY 2,STAFF COMERCIAL 36 H,42224.0,JORGE TRUJILLO LINEA,Estándar,ZONA SUR ,-74.150556845962,4.62239439729421,ENERO,2025,7,0,0,0,1/2025
090 TIENDA KOAJ KENNEDY 2,STAFF COMERCIAL 48 H,42224.0,JORGE TRUJILLO LINEA,Estándar,ZONA SUR ,-74.150556845962,4.62239439729421,ENERO,2025,3,0,0,0,1/2025
092 TIENDA KOAJ COLINA,ADMINISTRADOR(A) DE TIENDA,42227.0,ANGIE VEGA,Estándar,ZONA NORTE,-74.0665552900766,4.73368539437859,ENERO,2025,1,0,0,0,1/2025
092 TIENDA KOAJ COLINA,CAJERO(A) 36 H,42227.0,ANGIE VEGA,Estándar,ZONA NORTE,-74.0665552900766,4.73368539437859,ENERO,2025,1,0,0,0,1/2025
092 TIENDA KOAJ COLINA,CAJERO(A) 48 H,42227.0,ANGIE VEGA,Estándar,ZONA NORTE,-74.0665552900766,4.73368539437859,ENERO,2025,1,0,0,0,1/2025
092 TIENDA KOAJ COLINA,COADMINISTRADOR(A) DE TIENDA,42227.0,ANGIE VEGA,Estándar,ZONA NORTE,-74.0665552900766,4.73368539437859,ENERO,2025,1,0,0,0,1/2025
092 TIENDA KOAJ COLINA,STAFF COMERCIAL 36 H,42227.0,ANGIE VEGA,Estándar,ZONA NORTE,-74.0665552900766,4.73368539437859,ENERO,2025,7,0,0,0,1/2025
092 TIENDA KOAJ COLINA,STAFF COMERCIAL 48 H,42227.0,ANGIE VEGA,Estándar,ZONA NORTE,-74.0665552900766,4.73368539437859,ENERO,2025,3,0,0,0,1/2025
093 TIENDA KOAJ SALITRE N,ADMINISTRADOR(A) DE TIENDA,42229.0,ANDRES SEGURA,Estándar,ZONA CENTRO,-74.1098539765836,4.65351956472539,ENERO,2025,1,0,0,0,1/2025
093 TIENDA KOAJ SALITRE N,CAJERO(A) 36 H,42229.0,ANDRES SEGURA,Estándar,ZONA CENTRO,-74.1098539765836,4.65351956472539,ENERO,2025,1,0,0,0,1/2025
093 TIENDA KOAJ SALITRE N,CAJERO(A) 48 H,42229.0,ANDRES SEGURA,Estándar,ZONA CENTRO,-74.1098539765836,4.65351956472539,ENERO,2025,1,0,0,0,1/2025
093 TIENDA KOAJ SALITRE N,COADMINISTRADOR(A) DE TIENDA,42229.0,ANDRES SEGURA,Estándar,ZONA CENTRO,-74.1098539765836,4.65351956472539,ENERO,2025,1,0,0,0,1/2025
093 TIENDA KOAJ SALITRE N,STAFF COMERCIAL 36 H,42229.0,ANDRES SEGURA,Estándar,ZONA CENTRO,-74.1098539765836,4.65351956472539,ENERO,2025,5,0,0,0,1/2025
093 TIENDA KOAJ SALITRE N,STAFF COMERCIAL 48 H,42229.0,ANDRES SEGURA,Estándar,ZONA CENTRO,-74.1098539765836,4.65351956472539,ENERO,2025,3,0,0,0,1/2025
094 TIENDA KOAJ GRAN PLAZA BOSA,ADMINISTRADOR(A) DE TIENDA,42235.0,JORGE TRUJILLO LINEA,Estándar,ZONA SUR ,-74.1844792477485,4.60475917372022,ENERO,2025,1,0,0,0,1/2025
094 TIENDA KOAJ GRAN PLAZA BOSA,CAJERO(A) 36 H,42235.0,JORGE TRUJILLO LINEA,Estándar,ZONA SUR ,-74.1844792477485,4.60475917372022,ENERO,2025,1,0,0,0,1/2025
094 TIENDA KOAJ GRAN PLAZA BOSA,CAJERO(A) 48 H,42235.0,JORGE TRUJILLO LINEA,Estándar,ZONA SUR ,-74.1844792477485,4.60475917372022,ENERO,2025,2,0,0,0,1/2025
094 TIENDA KOAJ GRAN PLAZA BOSA,COADMINISTRADOR(A) DE TIENDA,42235.0,JORGE TRUJILLO LINEA,Estándar,ZONA SUR ,-74.1844792477485,4.60475917372022,ENERO,2025,1,0,0,0,1/2025
094 TIENDA KOAJ GRAN PLAZA BOSA,STAFF COMERCIAL 36 H,42235.0,JORGE TRUJILLO LINEA,Estándar,ZONA SUR ,-74.1844792477485,4.60475917372022,ENERO,2025,8,0,0,0,1/2025
094 TIENDA KOAJ GRAN PLAZA BOSA,STAFF COMERCIAL 48 H,42235.0,JORGE TRUJILLO LINEA,Estándar,ZONA SUR ,-74.1844792477485,4.60475917372022,ENERO,2025,4,0,0,0,1/2025
095 TIENDA KOAJ 20 DE JULIO,ADMINISTRADOR(A) DE TIENDA,42237.0,ALEXANDER RIOS,Estándar,ZONA SUR ORIENTE,-74.0946541900778,4.57018490572319,ENERO,2025,1,0,0,0,1/2025
095 TIENDA KOAJ 20 DE JULIO,CAJERO(A) 36 H,42237.0,ALEXANDER RIOS,Estándar,ZONA SUR ORIENTE,-74.0946541900778,4.57018490572319,ENERO,2025,1,0,0,0,1/2025
095 TIENDA KOAJ 20 DE JULIO,CAJERO(A) 48 H,42237.0,ALEXANDER RIOS,Estándar,ZONA SUR ORIENTE,-74.0946541900778,4.57018490572319,ENERO,2025,1,0,0,0,1/2025
095 TIENDA KOAJ 20 DE JULIO,COADMINISTRADOR(A) DE TIENDA,42237.0,ALEXANDER RIOS,Estándar,ZONA SUR ORIENTE,-74.0946541900778,4.57018490572319,ENERO,2025,1,0,0,0,1/2025
095 TIENDA KOAJ 20 DE JULIO,STAFF COMERCIAL 36 H,42237.0,ALEXANDER RIOS,Estándar,ZONA SUR ORIENTE,-74.0946541900778,4.57018490572319,ENERO,2025,6,0,0,0,1/2025
095 TIENDA KOAJ 20 DE JULIO,STAFF COMERCIAL 48 H,42237.0,ALEXANDER RIOS,Estándar,ZONA SUR ORIENTE,-74.0946541900778,4.57018490572319,ENERO,2025,4,0,0,0,1/2025
096 TIENDA KOAJ LA VICTORIA,ADMINISTRADOR(A) DE TIENDA,42240.0,ALEXANDER RIOS,Estándar,ZONA SUR ORIENTE,-74.0915757771393,4.55162471043978,ENERO,2025,1,0,0,0,1/2025
096 TIENDA KOAJ LA VICTORIA,CAJERO(A) 36 H,42240.0,ALEXANDER RIOS,Estándar,ZONA SUR ORIENTE,-74.0915757771393,4.55162471043978,ENERO,2025,1,0,0,0,1/2025
096 TIENDA KOAJ LA VICTORIA,CAJERO(A) 48 H,42240.0,ALEXANDER RIOS,Estándar,ZONA SUR ORIENTE,-74.0915757771393,4.55162471043978,ENERO,2025,1,0,0,0,1/2025
096 TIENDA KOAJ LA VICTORIA,COADMINISTRADOR(A) DE TIENDA,42240.0,ALEXANDER RIOS,Estándar,ZONA SUR ORIENTE,-74.0915757771393,4.55162471043978,ENERO,2025,1,0,0,0,1/2025
096 TIENDA KOAJ LA VICTORIA,STAFF COMERCIAL 36 H,42240.0,ALEXANDER RIOS,Estándar,ZONA SUR ORIENTE,-74.0915757771393,4.55162471043978,ENERO,2025,8,0,0,0,1/2025
096 TIENDA KOAJ LA VICTORIA,STAFF COMERCIAL 48 H,42240.0,ALEXANDER RIOS,Estándar,ZONA SUR ORIENTE,-74.0915757771393,4.55162471043978,ENERO,2025,3,0,0,0,1/2025
097 TIENDA KOAJ GRAN PLAZA ENSUEÑO,ADMINISTRADOR(A) DE TIENDA,42241.0,JORGE TRUJILLO LINEA,Estándar,ZONA SUR ,-74.1557284054196,4.5824042371403,ENERO,2025,1,0,0,0,1/2025
097 TIENDA KOAJ GRAN PLAZA ENSUEÑO,CAJERO(A) 36 H,42241.0,JORGE TRUJILLO LINEA,Estándar,ZONA SUR ,-74.1557284054196,4.5824042371403,ENERO,2025,1,0,0,0,1/2025
097 TIENDA KOAJ GRAN PLAZA ENSUEÑO,CAJERO(A) 48 H,42241.0,JORGE TRUJILLO LINEA,Estándar,ZONA SUR ,-74.1557284054196,4.5824042371403,ENERO,2025,2,0,0,0,1/2025
097 TIENDA KOAJ GRAN PLAZA ENSUEÑO,COADMINISTRADOR(A) DE TIENDA,42241.0,JORGE TRUJILLO LINEA,Estándar,ZONA SUR ,-74.1557284054196,4.5824042371403,ENERO,2025,1,0,0,0,1/2025
097 TIENDA KOAJ GRAN PLAZA ENSUEÑO,PARTNER COMERCIAL,42241.0,JORGE TRUJILLO LINEA,Estándar,ZONA SUR ,-74.1557284054196,4.5824042371403,ENERO,2025,2,0,0,0,1/2025
097 TIENDA KOAJ GRAN PLAZA ENSUEÑO,STAFF COMERCIAL 36 H,42241.0,JORGE TRUJILLO LINEA,Estándar,ZONA SUR ,-74.1557284054196,4.5824042371403,ENERO,2025,9,0,0,0,1/2025
097 TIENDA KOAJ GRAN PLAZA ENSUEÑO,STAFF COMERCIAL 48 H,42241.0,JORGE TRUJILLO LINEA,Estándar,ZONA SUR ,-74.1557284054196,4.5824042371403,ENERO,2025,6,0,0,0,1/2025
098 TIENDA KOAJ ALAMOS,ADMINISTRADOR(A) DE TIENDA,42243.0,JORGE TRUJILLO PROMO,Estándar,TIENDA PROMOCIONAL,-74.1170860919252,4.69138488156056,ENERO,2025,1,0,0,0,1/2025
098 TIENDA KOAJ ALAMOS,CAJERO(A) 36 H,42243.0,JORGE TRUJILLO PROMO,Estándar,TIENDA PROMOCIONAL,-74.1170860919252,4.69138488156056,ENERO,2025,1,0,0,0,1/2025
098 TIENDA KOAJ ALAMOS,CAJERO(A) 48 H,42243.0,JORGE TRUJILLO PROMO,Estándar,TIENDA PROMOCIONAL,-74.1170860919252,4.69138488156056,ENERO,2025,1,0,0,0,1/2025
098 TIENDA KOAJ ALAMOS,COADMINISTRADOR(A) DE TIENDA,42243.0,JORGE TRUJILLO PROMO,Estándar,TIENDA PROMOCIONAL,-74.1170860919252,4.69138488156056,ENERO,2025,1,0,0,0,1/2025
098 TIENDA KOAJ ALAMOS,STAFF COMERCIAL 36 H,42243.0,JORGE TRUJILLO PROMO,Estándar,TIENDA PROMOCIONAL,-74.1170860919252,4.69138488156056,ENERO,2025,5,0,0,0,1/2025
098 TIENDA KOAJ ALAMOS,STAFF COMERCIAL 48 H,42243.0,JORGE TRUJILLO PROMO,Estándar,TIENDA PROMOCIONAL,-74.1170860919252,4.69138488156056,ENERO,2025,2,0,0,0,1/2025
099 TIENDA KOAJ SANTA LIBRADA,ADMINISTRADOR(A) DE TIENDA,42244.0,ALEXANDER RIOS,Estándar,ZONA SUR ORIENTE,-74.1170725324072,4.51635693277721,ENERO,2025,1,0,0,0,1/2025
099 TIENDA KOAJ SANTA LIBRADA,ASESOR(A) DE VENTAS 48 H,42244.0,ALEXANDER RIOS,Estándar,ZONA SUR ORIENTE,-74.1170725324072,4.51635693277721,ENERO,2025,1,0,0,0,1/2025
099 TIENDA KOAJ SANTA LIBRADA,CAJERO(A) 36 H,42244.0,ALEXANDER RIOS,Estándar,ZONA SUR ORIENTE,-74.1170725324072,4.51635693277721,ENERO,2025,1,0,0,0,1/2025
099 TIENDA KOAJ SANTA LIBRADA,CAJERO(A) 48 H,42244.0,ALEXANDER RIOS,Estándar,ZONA SUR ORIENTE,-74.1170725324072,4.51635693277721,ENERO,2025,1,0,0,0,1/2025
099 TIENDA KOAJ SANTA LIBRADA,COADMINISTRADOR(A) DE TIENDA,42244.0,ALEXANDER RIOS,Estándar,ZONA SUR ORIENTE,-74.1170725324072,4.51635693277721,ENERO,2025,1,0,0,0,1/2025
099 TIENDA KOAJ SANTA LIBRADA,STAFF COMERCIAL 36 H,42244.0,ALEXANDER RIOS,Estándar,ZONA SUR ORIENTE,-74.1170725324072,4.51635693277721,ENERO,2025,8,0,0,0,1/2025
099 TIENDA KOAJ SANTA LIBRADA,STAFF COMERCIAL 48 H,42244.0,ALEXANDER RIOS,Estándar,ZONA SUR ORIENTE,-74.1170725324072,4.51635693277721,ENERO,2025,4,0,0,0,1/2025
100 TIENDA KOAJ CARRERA DECIMA,ADMINISTRADOR(A) DE TIENDA,42246.0,JORGE TRUJILLO PROMO,Estándar,TIENDA PROMOCIONAL,-74.076734734255,4.60267018590146,ENERO,2025,1,0,0,0,1/2025
100 TIENDA KOAJ CARRERA DECIMA,CAJERO(A) 36 H,42246.0,JORGE TRUJILLO PROMO,Estándar,TIENDA PROMOCIONAL,-74.076734734255,4.60267018590146,ENERO,2025,1,0,0,0,1/2025
100 TIENDA KOAJ CARRERA DECIMA,CAJERO(A) 48 H,42246.0,JORGE TRUJILLO PROMO,Estándar,TIENDA PROMOCIONAL,-74.076734734255,4.60267018590146,ENERO,2025,1,0,0,0,1/2025
100 TIENDA KOAJ CARRERA DECIMA,STAFF COMERCIAL 36 H,42246.0,JORGE TRUJILLO PROMO,Estándar,TIENDA PROMOCIONAL,-74.076734734255,4.60267018590146,ENERO,2025,5,0,0,0,1/2025
100 TIENDA KOAJ CARRERA DECIMA,STAFF COMERCIAL 48 H,42246.0,JORGE TRUJILLO PROMO,Estándar,TIENDA PROMOCIONAL,-74.076734734255,4.60267018590146,ENERO,2025,2,0,0,0,1/2025
104 TIENDA KOAJ CALLE 18  CENTRO,ADMINISTRADOR(A) DE TIENDA,42036.0,ANDRES SEGURA,Estándar,ZONA CENTRO,-74.0716538729499,4.6045171925044,ENERO,2025,1,0,0,0,1/2025
104 TIENDA KOAJ CALLE 18  CENTRO,CAJERO(A) 48 H,42036.0,ANDRES SEGURA,Estándar,ZONA CENTRO,-74.0716538729499,4.6045171925044,ENERO,2025,2,0,0,0,1/2025
104 TIENDA KOAJ CALLE 18  CENTRO,COADMINISTRADOR(A) DE TIENDA,42036.0,ANDRES SEGURA,Estándar,ZONA CENTRO,-74.0716538729499,4.6045171925044,ENERO,2025,1,0,0,0,1/2025
104 TIENDA KOAJ CALLE 18  CENTRO,STAFF COMERCIAL 36 H,42036.0,ANDRES SEGURA,Estándar,ZONA CENTRO,-74.0716538729499,4.6045171925044,ENERO,2025,5,0,0,0,1/2025
104 TIENDA KOAJ CALLE 18  CENTRO,STAFF COMERCIAL 48 H,42036.0,ANDRES SEGURA,Estándar,ZONA CENTRO,-74.0716538729499,4.6045171925044,ENERO,2025,2,0,0,0,1/2025
111 TIENDA KOAJ TUNAL,ADMINISTRADOR(A) DE TIENDA,42054.0,ALEXANDER RIOS,Estándar,ZONA SUR ORIENTE,-74.1311726667873,4.57862705497723,ENERO,2025,1,0,0,0,1/2025
111 TIENDA KOAJ TUNAL,CAJERO(A) 36 H,42054.0,ALEXANDER RIOS,Estándar,ZONA SUR ORIENTE,-74.1311726667873,4.57862705497723,ENERO,2025,1,0,0,0,1/2025
111 TIENDA KOAJ TUNAL,CAJERO(A) 48 H,42054.0,ALEXANDER RIOS,Estándar,ZONA SUR ORIENTE,-74.1311726667873,4.57862705497723,ENERO,2025,1,0,0,0,1/2025
111 TIENDA KOAJ TUNAL,COADMINISTRADOR(A) DE TIENDA,42054.0,ALEXANDER RIOS,Estándar,ZONA SUR ORIENTE,-74.1311726667873,4.57862705497723,ENERO,2025,1,0,0,0,1/2025
111 TIENDA KOAJ TUNAL,STAFF COMERCIAL 36 H,42054.0,ALEXANDER RIOS,Estándar,ZONA SUR ORIENTE,-74.1311726667873,4.57862705497723,ENERO,2025,4,0,0,0,1/2025
111 TIENDA KOAJ TUNAL,STAFF COMERCIAL 48 H,42054.0,ALEXANDER RIOS,Estándar,ZONA SUR ORIENTE,-74.1311726667873,4.57862705497723,ENERO,2025,2,0,0,0,1/2025
112 TIENDA KOAJ SAUCES,ADMINISTRADOR(A) DE TIENDA,42127.0,FREDY GAVIRIA,Formadora,ZONA NOROCCIDENTE ,-74.0751202306171,4.69150510003354,ENERO,2025,1,0,0,0,1/2025
112 TIENDA KOAJ SAUCES,CAJERO(A) 36 H,42127.0,FREDY GAVIRIA,Formadora,ZONA NOROCCIDENTE ,-74.0751202306171,4.69150510003354,ENERO,2025,2,0,0,0,1/2025
112 TIENDA KOAJ SAUCES,CAJERO(A) 48 H,42127.0,FREDY GAVIRIA,Formadora,ZONA NOROCCIDENTE ,-74.0751202306171,4.69150510003354,ENERO,2025,1,0,0,0,1/2025
112 TIENDA KOAJ SAUCES,COADMINISTRADOR(A) DE TIENDA,42127.0,FREDY GAVIRIA,Formadora,ZONA NOROCCIDENTE ,-74.0751202306171,4.69150510003354,ENERO,2025,1,0,0,0,1/2025
112 TIENDA KOAJ SAUCES,STAFF COMERCIAL 36 H,42127.0,FREDY GAVIRIA,Formadora,ZONA NOROCCIDENTE ,-74.0751202306171,4.69150510003354,ENERO,2025,8,0,0,0,1/2025
112 TIENDA KOAJ SAUCES,STAFF COMERCIAL 48 H,42127.0,FREDY GAVIRIA,Formadora,ZONA NOROCCIDENTE ,-74.0751202306171,4.69150510003354,ENERO,2025,4,0,0,0,1/2025
119 TIENDA KOAJ SAN MARTIN P1,ADMINISTRADOR(A) DE TIENDA,42057.0,JORGE TRUJILLO PROMO,Estándar,TIENDA PROMOCIONAL,-74.0675791477485,4.61905426317993,ENERO,2025,1,0,0,0,1/2025
119 TIENDA KOAJ SAN MARTIN P1,CAJERO(A) 36 H,42057.0,JORGE TRUJILLO PROMO,Estándar,TIENDA PROMOCIONAL,-74.0675791477485,4.61905426317993,ENERO,2025,1,0,0,0,1/2025
119 TIENDA KOAJ SAN MARTIN P1,CAJERO(A) 48 H,42057.0,JORGE TRUJILLO PROMO,Estándar,TIENDA PROMOCIONAL,-74.0675791477485,4.61905426317993,ENERO,2025,1,0,0,0,1/2025
119 TIENDA KOAJ SAN MARTIN P1,COADMINISTRADOR(A) DE TIENDA,42057.0,JORGE TRUJILLO PROMO,Estándar,TIENDA PROMOCIONAL,-74.0675791477485,4.61905426317993,ENERO,2025,1,0,0,0,1/2025
119 TIENDA KOAJ SAN MARTIN P1,STAFF COMERCIAL 36 H,42057.0,JORGE TRUJILLO PROMO,Estándar,TIENDA PROMOCIONAL,-74.0675791477485,4.61905426317993,ENERO,2025,5,0,0,0,1/2025
119 TIENDA KOAJ SAN MARTIN P1,STAFF COMERCIAL 48 H,42057.0,JORGE TRUJILLO PROMO,Estándar,TIENDA PROMOCIONAL,-74.0675791477485,4.61905426317993,ENERO,2025,2,0,0,0,1/2025
134 TIENDA KOAJ PORTAL 80,ADMINISTRADOR(A) DE TIENDA,42128.0,FREDY GAVIRIA,Pareto,ZONA NOROCCIDENTE ,-74.1120999054186,4.71097621747936,ENERO,2025,1,0,0,0,1/2025
134 TIENDA KOAJ PORTAL 80,CAJERO(A) 36 H,42128.0,FREDY GAVIRIA,Pareto,ZONA NOROCCIDENTE ,-74.1120999054186,4.71097621747936,ENERO,2025,2,0,0,0,1/2025
134 TIENDA KOAJ PORTAL 80,CAJERO(A) 48 H,42128.0,FREDY GAVIRIA,Pareto,ZONA NOROCCIDENTE ,-74.1120999054186,4.71097621747936,ENERO,2025,1,0,0,0,1/2025
134 TIENDA KOAJ PORTAL 80,COADMINISTRADOR(A) DE TIENDA,42128.0,FREDY GAVIRIA,Pareto,ZONA NOROCCIDENTE ,-74.1120999054186,4.71097621747936,ENERO,2025,1,0,0,0,1/2025
134 TIENDA KOAJ PORTAL 80,PARTNER COMERCIAL,42128.0,FREDY GAVIRIA,Pareto,ZONA NOROCCIDENTE ,-74.1120999054186,4.71097621747936,ENERO,2025,1,0,0,0,1/2025
134 TIENDA KOAJ PORTAL 80,STAFF COMERCIAL 36 H,42128.0,FREDY GAVIRIA,Pareto,ZONA NOROCCIDENTE ,-74.1120999054186,4.71097621747936,ENERO,2025,10,0,0,0,1/2025
134 TIENDA KOAJ PORTAL 80,STAFF COMERCIAL 48 H,42128.0,FREDY GAVIRIA,Pareto,ZONA NOROCCIDENTE ,-74.1120999054186,4.71097621747936,ENERO,2025,5,0,0,0,1/2025
138 TIENDA KOAJ PALATINO,ADMINISTRADOR(A) DE TIENDA,42062.0,ANGIE VEGA,Estándar,ZONA NORTE,-74.0295225054186,4.71552835317472,ENERO,2025,1,0,0,0,1/2025
138 TIENDA KOAJ PALATINO,CAJERO(A) 36 H,42062.0,ANGIE VEGA,Estándar,ZONA NORTE,-74.0295225054186,4.71552835317472,ENERO,2025,1,0,0,0,1/2025
138 TIENDA KOAJ PALATINO,CAJERO(A) 48 H,42062.0,ANGIE VEGA,Estándar,ZONA NORTE,-74.0295225054186,4.71552835317472,ENERO,2025,1,0,0,0,1/2025
138 TIENDA KOAJ PALATINO,COADMINISTRADOR(A) DE TIENDA,42062.0,ANGIE VEGA,Estándar,ZONA NORTE,-74.0295225054186,4.71552835317472,ENERO,2025,1,0,0,0,1/2025
138 TIENDA KOAJ PALATINO,STAFF COMERCIAL 36 H,42062.0,ANGIE VEGA,Estándar,ZONA NORTE,-74.0295225054186,4.71552835317472,ENERO,2025,3,0,0,0,1/2025
138 TIENDA KOAJ PALATINO,STAFF COMERCIAL 48 H,42062.0,ANGIE VEGA,Estándar,ZONA NORTE,-74.0295225054186,4.71552835317472,ENERO,2025,2,0,0,0,1/2025
139 TIENDA KOAJ CRA 62 A,ADMINISTRADOR(A) DE TIENDA,42068.0,CESAR GONZALEZ,Estándar,ZONA AMERICAS,-74.1158542612419,4.6302244841594,ENERO,2025,1,0,0,0,1/2025
139 TIENDA KOAJ CRA 62 A,CAJERO(A) 36 H,42068.0,CESAR GONZALEZ,Estándar,ZONA AMERICAS,-74.1158542612419,4.6302244841594,ENERO,2025,2,0,0,0,1/2025
139 TIENDA KOAJ CRA 62 A,CAJERO(A) 48 H,42068.0,CESAR GONZALEZ,Estándar,ZONA AMERICAS,-74.1158542612419,4.6302244841594,ENERO,2025,1,0,0,0,1/2025
139 TIENDA KOAJ CRA 62 A,COADMINISTRADOR(A) DE TIENDA,42068.0,CESAR GONZALEZ,Estándar,ZONA AMERICAS,-74.1158542612419,4.6302244841594,ENERO,2025,1,0,0,0,1/2025
139 TIENDA KOAJ CRA 62 A,STAFF COMERCIAL 36 H,42068.0,CESAR GONZALEZ,Estándar,ZONA AMERICAS,-74.1158542612419,4.6302244841594,ENERO,2025,8,0,0,0,1/2025
139 TIENDA KOAJ CRA 62 A,STAFF COMERCIAL 48 H,42068.0,CESAR GONZALEZ,Estándar,ZONA AMERICAS,-74.1158542612419,4.6302244841594,ENERO,2025,5,0,0,0,1/2025
159 TIENDA KOAJ RESTREPO,ADMINISTRADOR(A) DE TIENDA,42147.0,ALEXANDER RIOS,Pareto,ZONA SUR ORIENTE,-74.101536858839,4.5858310725524,ENERO,2025,1,0,0,0,1/2025
159 TIENDA KOAJ RESTREPO,CAJERO(A) 36 H,42147.0,ALEXANDER RIOS,Pareto,ZONA SUR ORIENTE,-74.101536858839,4.5858310725524,ENERO,2025,2,0,0,0,1/2025
159 TIENDA KOAJ RESTREPO,CAJERO(A) 48 H,42147.0,ALEXANDER RIOS,Pareto,ZONA SUR ORIENTE,-74.101536858839,4.5858310725524,ENERO,2025,2,0,0,0,1/2025
159 TIENDA KOAJ RESTREPO,COADMINISTRADOR(A) DE TIENDA,42147.0,ALEXANDER RIOS,Pareto,ZONA SUR ORIENTE,-74.101536858839,4.5858310725524,ENERO,2025,1,0,0,0,1/2025
159 TIENDA KOAJ RESTREPO,PARTNER COMERCIAL,42147.0,ALEXANDER RIOS,Pareto,ZONA SUR ORIENTE,-74.101536858839,4.5858310725524,ENERO,2025,2,0,0,0,1/2025
159 TIENDA KOAJ RESTREPO,STAFF COMERCIAL 36 H,42147.0,ALEXANDER RIOS,Pareto,ZONA SUR ORIENTE,-74.101536858839,4.5858310725524,ENERO,2025,15,0,0,0,1/2025
159 TIENDA KOAJ RESTREPO,STAFF COMERCIAL 48 H,42147.0,ALEXANDER RIOS,Pareto,ZONA SUR ORIENTE,-74.101536858839,4.5858310725524,ENERO,2025,6,0,0,0,1/2025
167 TIENDA KOAJ GRAN ESTACION,ADMINISTRADOR(A) DE TIENDA,42163.0,ANDRES SEGURA,Pareto,ZONA CENTRO,-74.1014959306189,4.64792166254646,ENERO,2025,2,0,0,0,1/2025
167 TIENDA KOAJ GRAN ESTACION,CAJERO(A) 36 H,42163.0,ANDRES SEGURA,Pareto,ZONA CENTRO,-74.1014959306189,4.64792166254646,ENERO,2025,2,0,0,0,1/2025
167 TIENDA KOAJ GRAN ESTACION,CAJERO(A) 48 H,42163.0,ANDRES SEGURA,Pareto,ZONA CENTRO,-74.1014959306189,4.64792166254646,ENERO,2025,1,0,0,0,1/2025
167 TIENDA KOAJ GRAN ESTACION,COADMINISTRADOR(A) DE TIENDA,42163.0,ANDRES SEGURA,Pareto,ZONA CENTRO,-74.1014959306189,4.64792166254646,ENERO,2025,1,0,0,0,1/2025
167 TIENDA KOAJ GRAN ESTACION,STAFF COMERCIAL 36 H,42163.0,ANDRES SEGURA,Pareto,ZONA CENTRO,-74.1014959306189,4.64792166254646,ENERO,2025,8,0,0,0,1/2025
167 TIENDA KOAJ GRAN ESTACION,STAFF COMERCIAL 48 H,42163.0,ANDRES SEGURA,Pareto,ZONA CENTRO,-74.1014959306189,4.64792166254646,ENERO,2025,4,0,0,0,1/2025
170 TIENDA KOAJ UNIC. OCCIDENTE,ADMINISTRADOR(A) DE TIENDA,42169.0,FREDY GAVIRIA,Estándar,ZONA NOROCCIDENTE ,-74.1144533765831,4.7233531116588,ENERO,2025,1,0,0,0,1/2025
170 TIENDA KOAJ UNIC. OCCIDENTE,CAJERO(A) 36 H,42169.0,FREDY GAVIRIA,Estándar,ZONA NOROCCIDENTE ,-74.1144533765831,4.7233531116588,ENERO,2025,1,0,0,0,1/2025
170 TIENDA KOAJ UNIC. OCCIDENTE,CAJERO(A) 48 H,42169.0,FREDY GAVIRIA,Estándar,ZONA NOROCCIDENTE ,-74.1144533765831,4.7233531116588,ENERO,2025,1,0,0,0,1/2025
170 TIENDA KOAJ UNIC. OCCIDENTE,COADMINISTRADOR(A) DE TIENDA,42169.0,FREDY GAVIRIA,Estándar,ZONA NOROCCIDENTE ,-74.1144533765831,4.7233531116588,ENERO,2025,1,0,0,0,1/2025
170 TIENDA KOAJ UNIC. OCCIDENTE,STAFF COMERCIAL 36 H,42169.0,FREDY GAVIRIA,Estándar,ZONA NOROCCIDENTE ,-74.1144533765831,4.7233531116588,ENERO,2025,5,0,0,0,1/2025
170 TIENDA KOAJ UNIC. OCCIDENTE,STAFF COMERCIAL 48 H,42169.0,FREDY GAVIRIA,Estándar,ZONA NOROCCIDENTE ,-74.1144533765831,4.7233531116588,ENERO,2025,2,0,0,0,1/2025
176 TIENDA KOAJ BULEVAR,ADMINISTRADOR(A) DE TIENDA,42183.0,ANGIE VEGA,Estándar,ZONA NORTE,-74.0714268342541,4.71195097259722,ENERO,2025,1,0,0,0,1/2025
176 TIENDA KOAJ BULEVAR,CAJERO(A) 36 H,42183.0,ANGIE VEGA,Estándar,ZONA NORTE,-74.0714268342541,4.71195097259722,ENERO,2025,1,0,0,0,1/2025
176 TIENDA KOAJ BULEVAR,CAJERO(A) 48 H,42183.0,ANGIE VEGA,Estándar,ZONA NORTE,-74.0714268342541,4.71195097259722,ENERO,2025,1,0,0,0,1/2025
176 TIENDA KOAJ BULEVAR,COADMINISTRADOR(A) DE TIENDA,42183.0,ANGIE VEGA,Estándar,ZONA NORTE,-74.0714268342541,4.71195097259722,ENERO,2025,1,0,0,0,1/2025
176 TIENDA KOAJ BULEVAR,STAFF COMERCIAL 36 H,42183.0,ANGIE VEGA,Estándar,ZONA NORTE,-74.0714268342541,4.71195097259722,ENERO,2025,5,0,0,0,1/2025
176 TIENDA KOAJ BULEVAR,STAFF COMERCIAL 48 H,42183.0,ANGIE VEGA,Estándar,ZONA NORTE,-74.0714268342541,4.71195097259722,ENERO,2025,2,0,0,0,1/2025
177 TIENDA KOAJ FONTIBON,ADMINISTRADOR(A) DE TIENDA,42185.0,CESAR GONZALEZ,Estándar,ZONA AMERICAS,-74.1438715612415,4.67487055820221,ENERO,2025,1,0,0,0,1/2025
177 TIENDA KOAJ FONTIBON,CAJERO(A) 36 H,42185.0,CESAR GONZALEZ,Estándar,ZONA AMERICAS,-74.1438715612415,4.67487055820221,ENERO,2025,4,0,0,0,1/2025
177 TIENDA KOAJ FONTIBON,CAJERO(A) 48 H,42185.0,CESAR GONZALEZ,Estándar,ZONA AMERICAS,-74.1438715612415,4.67487055820221,ENERO,2025,2,0,0,0,1/2025
177 TIENDA KOAJ FONTIBON,COADMINISTRADOR(A) DE TIENDA,42185.0,CESAR GONZALEZ,Estándar,ZONA AMERICAS,-74.1438715612415,4.67487055820221,ENERO,2025,1,0,0,0,1/2025
177 TIENDA KOAJ FONTIBON,PARTNER COMERCIAL,42185.0,CESAR GONZALEZ,Estándar,ZONA AMERICAS,-74.1438715612415,4.67487055820221,ENERO,2025,2,0,0,0,1/2025
177 TIENDA KOAJ FONTIBON,STAFF COMERCIAL 36 H,42185.0,CESAR GONZALEZ,Estándar,ZONA AMERICAS,-74.1438715612415,4.67487055820221,ENERO,2025,11,0,0,0,1/2025
177 TIENDA KOAJ FONTIBON,STAFF COMERCIAL 48 H,42185.0,CESAR GONZALEZ,Estándar,ZONA AMERICAS,-74.1438715612415,4.67487055820221,ENERO,2025,7,0,0,0,1/2025
178 TIENDA KOAJ PLAZA DE LAS AMERICAS 2,ADMINISTRADOR(A) DE TIENDA,42195.0,JORGE TRUJILLO LINEA,Estándar,ZONA SUR ,-74.1353073514452,4.6183592574155,ENERO,2025,1,0,0,0,1/2025
178 TIENDA KOAJ PLAZA DE LAS AMERICAS 2,ASESOR(A) DE VENTAS 36 H,42195.0,JORGE TRUJILLO LINEA,Estándar,ZONA SUR ,-74.1353073514452,4.6183592574155,ENERO,2025,1,0,0,0,1/2025
178 TIENDA KOAJ PLAZA DE LAS AMERICAS 2,ASESOR(A) DE VENTAS 48 H,42195.0,JORGE TRUJILLO LINEA,Estándar,ZONA SUR ,-74.1353073514452,4.6183592574155,ENERO,2025,1,0,0,0,1/2025
178 TIENDA KOAJ PLAZA DE LAS AMERICAS 2,CAJERO(A) 36 H,42195.0,JORGE TRUJILLO LINEA,Estándar,ZONA SUR ,-74.1353073514452,4.6183592574155,ENERO,2025,1,0,0,0,1/2025
178 TIENDA KOAJ PLAZA DE LAS AMERICAS 2,CAJERO(A) 48 H,42195.0,JORGE TRUJILLO LINEA,Estándar,ZONA SUR ,-74.1353073514452,4.6183592574155,ENERO,2025,1,0,0,0,1/2025
178 TIENDA KOAJ PLAZA DE LAS AMERICAS 2,COADMINISTRADOR(A) DE TIENDA,42195.0,JORGE TRUJILLO LINEA,Estándar,ZONA SUR ,-74.1353073514452,4.6183592574155,ENERO,2025,1,0,0,0,1/2025
178 TIENDA KOAJ PLAZA DE LAS AMERICAS 2,STAFF COMERCIAL 36 H,42195.0,JORGE TRUJILLO LINEA,Estándar,ZONA SUR ,-74.1353073514452,4.6183592574155,ENERO,2025,6,0,0,0,1/2025
178 TIENDA KOAJ PLAZA DE LAS AMERICAS 2,STAFF COMERCIAL 48 H,42195.0,JORGE TRUJILLO LINEA,Estándar,ZONA SUR ,-74.1353073514452,4.6183592574155,ENERO,2025,1,0,0,0,1/2025
179 TIENDA KOAJ BOSA CENTRO,ADMINISTRADOR(A) DE TIENDA,42212.0,JORGE TRUJILLO LINEA,Formadora,ZONA SUR ,-74.1865955324065,4.60680944396289,ENERO,2025,1,0,0,0,1/2025
179 TIENDA KOAJ BOSA CENTRO,CAJERO(A) 36 H,42212.0,JORGE TRUJILLO LINEA,Formadora,ZONA SUR ,-74.1865955324065,4.60680944396289,ENERO,2025,1,0,0,0,1/2025
179 TIENDA KOAJ BOSA CENTRO,CAJERO(A) 48 H,42212.0,JORGE TRUJILLO LINEA,Formadora,ZONA SUR ,-74.1865955324065,4.60680944396289,ENERO,2025,1,0,0,0,1/2025
179 TIENDA KOAJ BOSA CENTRO,COADMINISTRADOR(A) DE TIENDA,42212.0,JORGE TRUJILLO LINEA,Formadora,ZONA SUR ,-74.1865955324065,4.60680944396289,ENERO,2025,1,0,0,0,1/2025
179 TIENDA KOAJ BOSA CENTRO,STAFF COMERCIAL 36 H,42212.0,JORGE TRUJILLO LINEA,Formadora,ZONA SUR ,-74.1865955324065,4.60680944396289,ENERO,2025,8,0,0,0,1/2025
179 TIENDA KOAJ BOSA CENTRO,STAFF COMERCIAL 48 H,42212.0,JORGE TRUJILLO LINEA,Formadora,ZONA SUR ,-74.1865955324065,4.60680944396289,ENERO,2025,4,0,0,0,1/2025
180 TIENDA KOAJ MERCURIO,CAJERO(A) 36 H,42186.0,JORGE TRUJILLO LINEA,Pareto,ZONA SUR ,-74.2042805054196,4.58847684004362,ENERO,2025,3,0,0,0,1/2025
180 TIENDA KOAJ MERCURIO,CAJERO(A) 48 H,42186.0,JORGE TRUJILLO LINEA,Pareto,ZONA SUR ,-74.2042805054196,4.58847684004362,ENERO,2025,1,0,0,0,1/2025
180 TIENDA KOAJ MERCURIO,COADMINISTRADOR(A) DE TIENDA,42186.0,JORGE TRUJILLO LINEA,Pareto,ZONA SUR ,-74.2042805054196,4.58847684004362,ENERO,2025,1,0,0,0,1/2025
180 TIENDA KOAJ MERCURIO,PARTNER COMERCIAL,42186.0,JORGE TRUJILLO LINEA,Pareto,ZONA SUR ,-74.2042805054196,4.58847684004362,ENERO,2025,2,0,0,0,1/2025
180 TIENDA KOAJ MERCURIO,STAFF COMERCIAL 36 H,42186.0,JORGE TRUJILLO LINEA,Pareto,ZONA SUR ,-74.2042805054196,4.58847684004362,ENERO,2025,14,0,0,1,1/2025
180 TIENDA KOAJ MERCURIO,STAFF COMERCIAL 36 H,42186.0,JORGE TRUJILLO LINEA,Pareto,ZONA SUR ,-74.2042805054196,4.58847684004362,ENERO,2025,1,0,1,1,1/2025
180 TIENDA KOAJ MERCURIO,STAFF COMERCIAL 48 H,42186.0,JORGE TRUJILLO LINEA,Pareto,ZONA SUR ,-74.2042805054196,4.58847684004362,ENERO,2025,6,0,0,0,1/2025
184 TIENDA KOAJ TOBERIN,ADMINISTRADOR(A) DE TIENDA,42202.0,ANGIE VEGA,Pareto,ZONA NORTE,-74.0461349054184,4.7451466175337,ENERO,2025,1,0,0,0,1/2025
184 TIENDA KOAJ TOBERIN,CAJERO(A) 36 H,42202.0,ANGIE VEGA,Pareto,ZONA NORTE,-74.0461349054184,4.7451466175337,ENERO,2025,5,0,0,0,1/2025
184 TIENDA KOAJ TOBERIN,CAJERO(A) 48 H,42202.0,ANGIE VEGA,Pareto,ZONA NORTE,-74.0461349054184,4.7451466175337,ENERO,2025,1,0,0,0,1/2025
184 TIENDA KOAJ TOBERIN,COADMINISTRADOR(A) DE TIENDA,42202.0,ANGIE VEGA,Pareto,ZONA NORTE,-74.0461349054184,4.7451466175337,ENERO,2025,1,0,0,0,1/2025
184 TIENDA KOAJ TOBERIN,PARTNER COMERCIAL,42202.0,ANGIE VEGA,Pareto,ZONA NORTE,-74.0461349054184,4.7451466175337,ENERO,2025,1,0,0,0,1/2025
184 TIENDA KOAJ TOBERIN,STAFF COMERCIAL 36 H,42202.0,ANGIE VEGA,Pareto,ZONA NORTE,-74.0461349054184,4.7451466175337,ENERO,2025,13,0,0,0,1/2025
184 TIENDA KOAJ TOBERIN,STAFF COMERCIAL 48 H,42202.0,ANGIE VEGA,Pareto,ZONA NORTE,-74.0461349054184,4.7451466175337,ENERO,2025,8,0,0,0,1/2025
187 TIENDA KOAJ LAS FERIAS,ADMINISTRADOR(A) DE TIENDA,42220.0,FREDY GAVIRIA,Estándar,ZONA NOROCCIDENTE ,-74.0912308361027,4.68400657638107,ENERO,2025,1,0,0,0,1/2025
187 TIENDA KOAJ LAS FERIAS,CAJERO(A) 36 H,42220.0,FREDY GAVIRIA,Estándar,ZONA NOROCCIDENTE ,-74.0912308361027,4.68400657638107,ENERO,2025,1,0,0,0,1/2025
187 TIENDA KOAJ LAS FERIAS,CAJERO(A) 48 H,42220.0,FREDY GAVIRIA,Estándar,ZONA NOROCCIDENTE ,-74.0912308361027,4.68400657638107,ENERO,2025,1,0,0,0,1/2025
187 TIENDA KOAJ LAS FERIAS,COADMINISTRADOR(A) DE TIENDA,42220.0,FREDY GAVIRIA,Estándar,ZONA NOROCCIDENTE ,-74.0912308361027,4.68400657638107,ENERO,2025,1,0,0,0,1/2025
187 TIENDA KOAJ LAS FERIAS,PARTNER COMERCIAL,42220.0,FREDY GAVIRIA,Estándar,ZONA NOROCCIDENTE ,-74.0912308361027,4.68400657638107,ENERO,2025,1,0,0,0,1/2025
187 TIENDA KOAJ LAS FERIAS,STAFF COMERCIAL 36 H,42220.0,FREDY GAVIRIA,Estándar,ZONA NOROCCIDENTE ,-74.0912308361027,4.68400657638107,ENERO,2025,6,0,0,0,1/2025
187 TIENDA KOAJ LAS FERIAS,STAFF COMERCIAL 48 H,42220.0,FREDY GAVIRIA,Estándar,ZONA NOROCCIDENTE ,-74.0912308361027,4.68400657638107,ENERO,2025,3,0,0,0,1/2025
189 TIENDA KOAJ MONTEVIDEO,ADMINISTRADOR(A) DE TIENDA,42197.0,JORGE TRUJILLO PROMO,Estándar,TIENDA PROMOCIONAL,-74.1201971342547,4.64796493086411,ENERO,2025,1,0,0,0,1/2025
189 TIENDA KOAJ MONTEVIDEO,CAJERO(A) 36 H,42197.0,JORGE TRUJILLO PROMO,Estándar,TIENDA PROMOCIONAL,-74.1201971342547,4.64796493086411,ENERO,2025,1,0,0,0,1/2025
189 TIENDA KOAJ MONTEVIDEO,CAJERO(A) 48 H,42197.0,JORGE TRUJILLO PROMO,Estándar,TIENDA PROMOCIONAL,-74.1201971342547,4.64796493086411,ENERO,2025,1,0,0,0,1/2025
189 TIENDA KOAJ MONTEVIDEO,COADMINISTRADOR(A) DE TIENDA,42197.0,JORGE TRUJILLO PROMO,Estándar,TIENDA PROMOCIONAL,-74.1201971342547,4.64796493086411,ENERO,2025,1,0,0,0,1/2025
189 TIENDA KOAJ MONTEVIDEO,STAFF COMERCIAL 36 H,42197.0,JORGE TRUJILLO PROMO,Estándar,TIENDA PROMOCIONAL,-74.1201971342547,4.64796493086411,ENERO,2025,4,0,0,0,1/2025
189 TIENDA KOAJ MONTEVIDEO,STAFF COMERCIAL 48 H,42197.0,JORGE TRUJILLO PROMO,Estándar,TIENDA PROMOCIONAL,-74.1201971342547,4.64796493086411,ENERO,2025,2,0,0,0,1/2025
191 TIENDA KOAJ PLAZA CENTRAL,ADMINISTRADOR(A) DE TIENDA,42226.0,CESAR GONZALEZ,Estándar,ZONA AMERICAS,-74.116358374797,4.63194559820414,ENERO,2025,1,0,0,0,1/2025
191 TIENDA KOAJ PLAZA CENTRAL,CAJERO(A) 36 H,42226.0,CESAR GONZALEZ,Estándar,ZONA AMERICAS,-74.116358374797,4.63194559820414,ENERO,2025,3,0,0,0,1/2025
191 TIENDA KOAJ PLAZA CENTRAL,CAJERO(A) 48 H,42226.0,CESAR GONZALEZ,Estándar,ZONA AMERICAS,-74.116358374797,4.63194559820414,ENERO,2025,1,0,0,0,1/2025
191 TIENDA KOAJ PLAZA CENTRAL,COADMINISTRADOR(A) DE TIENDA,42226.0,CESAR GONZALEZ,Estándar,ZONA AMERICAS,-74.116358374797,4.63194559820414,ENERO,2025,1,0,0,0,1/2025
191 TIENDA KOAJ PLAZA CENTRAL,PARTNER COMERCIAL,42226.0,CESAR GONZALEZ,Estándar,ZONA AMERICAS,-74.116358374797,4.63194559820414,ENERO,2025,2,0,0,0,1/2025
191 TIENDA KOAJ PLAZA CENTRAL,STAFF COMERCIAL 36 H,42226.0,CESAR GONZALEZ,Estándar,ZONA AMERICAS,-74.116358374797,4.63194559820414,ENERO,2025,9,0,0,0,1/2025
191 TIENDA KOAJ PLAZA CENTRAL,STAFF COMERCIAL 48 H,42226.0,CESAR GONZALEZ,Estándar,ZONA AMERICAS,-74.116358374797,4.63194559820414,ENERO,2025,5,0,0,0,1/2025
193 TIENDA KOAJ LA FELICIDAD,ADMINISTRADOR(A) DE TIENDA,42234.0,CESAR GONZALEZ,Formadora,ZONA AMERICAS,-74.126652478432,4.65161357180559,ENERO,2025,1,0,0,0,1/2025
193 TIENDA KOAJ LA FELICIDAD,CAJERO(A) 36 H,42234.0,CESAR GONZALEZ,Formadora,ZONA AMERICAS,-74.126652478432,4.65161357180559,ENERO,2025,3,0,0,0,1/2025
193 TIENDA KOAJ LA FELICIDAD,CAJERO(A) 48 H,42234.0,CESAR GONZALEZ,Formadora,ZONA AMERICAS,-74.126652478432,4.65161357180559,ENERO,2025,2,0,0,0,1/2025
193 TIENDA KOAJ LA FELICIDAD,COADMINISTRADOR(A) DE TIENDA,42234.0,CESAR GONZALEZ,Formadora,ZONA AMERICAS,-74.126652478432,4.65161357180559,ENERO,2025,1,0,0,0,1/2025
193 TIENDA KOAJ LA FELICIDAD,PARTNER COMERCIAL,42234.0,CESAR GONZALEZ,Formadora,ZONA AMERICAS,-74.126652478432,4.65161357180559,ENERO,2025,2,0,0,0,1/2025
193 TIENDA KOAJ LA FELICIDAD,STAFF COMERCIAL 36 H,42234.0,CESAR GONZALEZ,Formadora,ZONA AMERICAS,-74.126652478432,4.65161357180559,ENERO,2025,14,0,0,0,1/2025
193 TIENDA KOAJ LA FELICIDAD,STAFF COMERCIAL 48 H,42234.0,CESAR GONZALEZ,Formadora,ZONA AMERICAS,-74.126652478432,4.65161357180559,ENERO,2025,6,0,0,0,1/2025
194 TIENDA KOAJ VENTURA TERREROS,ADMINISTRADOR(A) DE TIENDA,42236.0,JORGE TRUJILLO LINEA,Formadora,ZONA SUR ,-74.1952164477486,4.58891570099708,ENERO,2025,1,0,0,0,1/2025
194 TIENDA KOAJ VENTURA TERREROS,CAJERO(A) 36 H,42236.0,JORGE TRUJILLO LINEA,Formadora,ZONA SUR ,-74.1952164477486,4.58891570099708,ENERO,2025,2,0,0,0,1/2025
194 TIENDA KOAJ VENTURA TERREROS,CAJERO(A) 48 H,42236.0,JORGE TRUJILLO LINEA,Formadora,ZONA SUR ,-74.1952164477486,4.58891570099708,ENERO,2025,2,0,0,0,1/2025
194 TIENDA KOAJ VENTURA TERREROS,COADMINISTRADOR(A) DE TIENDA,42236.0,JORGE TRUJILLO LINEA,Formadora,ZONA SUR ,-74.1952164477486,4.58891570099708,ENERO,2025,1,0,0,0,1/2025
194 TIENDA KOAJ VENTURA TERREROS,STAFF COMERCIAL 36 H,42236.0,JORGE TRUJILLO LINEA,Formadora,ZONA SUR ,-74.1952164477486,4.58891570099708,ENERO,2025,5,0,0,0,1/2025
194 TIENDA KOAJ VENTURA TERREROS,STAFF COMERCIAL 48 H,42236.0,JORGE TRUJILLO LINEA,Formadora,ZONA SUR ,-74.1952164477486,4.58891570099708,ENERO,2025,5,0,0,0,1/2025
195 TIENDA KOAJ METROPOLIS,ADMINISTRADOR(A) DE TIENDA,42238.0,FREDY GAVIRIA,Formadora,ZONA NOROCCIDENTE ,-74.0825381630899,4.68055071482474,ENERO,2025,1,0,0,0,1/2025
195 TIENDA KOAJ METROPOLIS,CAJERO(A) 36 H,42238.0,FREDY GAVIRIA,Formadora,ZONA NOROCCIDENTE ,-74.0825381630899,4.68055071482474,ENERO,2025,1,0,0,0,1/2025
195 TIENDA KOAJ METROPOLIS,CAJERO(A) 48 H,42238.0,FREDY GAVIRIA,Formadora,ZONA NOROCCIDENTE ,-74.0825381630899,4.68055071482474,ENERO,2025,1,0,0,0,1/2025
195 TIENDA KOAJ METROPOLIS,PARTNER COMERCIAL,42238.0,FREDY GAVIRIA,Formadora,ZONA NOROCCIDENTE ,-74.0825381630899,4.68055071482474,ENERO,2025,1,0,0,0,1/2025
195 TIENDA KOAJ METROPOLIS,STAFF COMERCIAL 36 H,42238.0,FREDY GAVIRIA,Formadora,ZONA NOROCCIDENTE ,-74.0825381630899,4.68055071482474,ENERO,2025,3,0,0,0,1/2025
195 TIENDA KOAJ METROPOLIS,STAFF COMERCIAL 48 H,42238.0,FREDY GAVIRIA,Formadora,ZONA NOROCCIDENTE ,-74.0825381630899,4.68055071482474,ENERO,2025,1,0,0,0,1/2025
196 TIENDA KOAJ LUCERO,ADMINISTRADOR(A) DE TIENDA,42239.0,JORGE TRUJILLO PROMO,Estándar,TIENDA PROMOCIONAL,-74.1401881612423,4.55326673011278,ENERO,2025,1,0,0,0,1/2025
196 TIENDA KOAJ LUCERO,CAJERO(A) 36 H,42239.0,JORGE TRUJILLO PROMO,Estándar,TIENDA PROMOCIONAL,-74.1401881612423,4.55326673011278,ENERO,2025,2,0,0,0,1/2025
196 TIENDA KOAJ LUCERO,CAJERO(A) 48 H,42239.0,JORGE TRUJILLO PROMO,Estándar,TIENDA PROMOCIONAL,-74.1401881612423,4.55326673011278,ENERO,2025,1,0,0,0,1/2025
196 TIENDA KOAJ LUCERO,COADMINISTRADOR(A) DE TIENDA,42239.0,JORGE TRUJILLO PROMO,Estándar,TIENDA PROMOCIONAL,-74.1401881612423,4.55326673011278,ENERO,2025,1,0,0,0,1/2025
196 TIENDA KOAJ LUCERO,STAFF COMERCIAL 36 H,42239.0,JORGE TRUJILLO PROMO,Estándar,TIENDA PROMOCIONAL,-74.1401881612423,4.55326673011278,ENERO,2025,5,0,0,0,1/2025
196 TIENDA KOAJ LUCERO,STAFF COMERCIAL 48 H,42239.0,JORGE TRUJILLO PROMO,Estándar,TIENDA PROMOCIONAL,-74.1401881612423,4.55326673011278,ENERO,2025,2,0,0,0,1/2025
197 TIENDA SUBA GAITANA,ADMINISTRADOR(A) DE TIENDA,42242.0,ANGIE VEGA,Estándar,ZONA NORTE,-74.1082559207603,4.7441269922683,ENERO,2025,1,0,0,0,1/2025
197 TIENDA SUBA GAITANA,CAJERO(A) 36 H,42242.0,ANGIE VEGA,Estándar,ZONA NORTE,-74.1082559207603,4.7441269922683,ENERO,2025,1,0,0,0,1/2025
197 TIENDA SUBA GAITANA,CAJERO(A) 48 H,42242.0,ANGIE VEGA,Estándar,ZONA NORTE,-74.1082559207603,4.7441269922683,ENERO,2025,1,0,0,0,1/2025
197 TIENDA SUBA GAITANA,COADMINISTRADOR(A) DE TIENDA,42242.0,ANGIE VEGA,Estándar,ZONA NORTE,-74.1082559207603,4.7441269922683,ENERO,2025,1,0,0,0,1/2025
197 TIENDA SUBA GAITANA,STAFF COMERCIAL 36 H,42242.0,ANGIE VEGA,Estándar,ZONA NORTE,-74.1082559207603,4.7441269922683,ENERO,2025,4,0,0,0,1/2025
197 TIENDA SUBA GAITANA,STAFF COMERCIAL 48 H,42242.0,ANGIE VEGA,Estándar,ZONA NORTE,-74.1082559207603,4.7441269922683,ENERO,2025,2,0,0,0,1/2025
199 TIENDA KOAJ EL EDEN,ADMINISTRADOR(A) DE TIENDA,42245.0,CESAR GONZALEZ,Estándar,ZONA AMERICAS,-74.1288493207612,4.64627991186246,ENERO,2025,1,0,0,0,1/2025
199 TIENDA KOAJ EL EDEN,CAJERO(A) 36 H,42245.0,CESAR GONZALEZ,Estándar,ZONA AMERICAS,-74.1288493207612,4.64627991186246,ENERO,2025,1,0,0,0,1/2025
199 TIENDA KOAJ EL EDEN,CAJERO(A) 48 H,42245.0,CESAR GONZALEZ,Estándar,ZONA AMERICAS,-74.1288493207612,4.64627991186246,ENERO,2025,1,0,0,0,1/2025
199 TIENDA KOAJ EL EDEN,COADMINISTRADOR(A) DE TIENDA,42245.0,CESAR GONZALEZ,Estándar,ZONA AMERICAS,-74.1288493207612,4.64627991186246,ENERO,2025,1,0,0,0,1/2025
199 TIENDA KOAJ EL EDEN,STAFF COMERCIAL 36 H,42245.0,CESAR GONZALEZ,Estándar,ZONA AMERICAS,-74.1288493207612,4.64627991186246,ENERO,2025,3,0,0,0,1/2025
199 TIENDA KOAJ EL EDEN,STAFF COMERCIAL 48 H,42245.0,CESAR GONZALEZ,Estándar,ZONA AMERICAS,-74.1288493207612,4.64627991186246,ENERO,2025,3,0,0,0,1/2025
200-TIENDA KOAJ VENTURA TERREROS II,ADMINISTRADOR(A) DE TIENDA,42247.0,JORGE TRUJILLO PROMO,Estándar,TIENDA PROMOCIONAL,-74.194817834255,4.58955684515148,ENERO,2025,1,0,0,0,1/2025
200-TIENDA KOAJ VENTURA TERREROS II,CAJERO(A) 36 H,42247.0,JORGE TRUJILLO PROMO,Estándar,TIENDA PROMOCIONAL,-74.194817834255,4.58955684515148,ENERO,2025,1,0,0,0,1/2025
200-TIENDA KOAJ VENTURA TERREROS II,CAJERO(A) 48 H,42247.0,JORGE TRUJILLO PROMO,Estándar,TIENDA PROMOCIONAL,-74.194817834255,4.58955684515148,ENERO,2025,1,0,0,0,1/2025
200-TIENDA KOAJ VENTURA TERREROS II,COADMINISTRADOR(A) DE TIENDA,42247.0,JORGE TRUJILLO PROMO,Estándar,TIENDA PROMOCIONAL,-74.194817834255,4.58955684515148,ENERO,2025,1,0,0,0,1/2025
200-TIENDA KOAJ VENTURA TERREROS II,STAFF COMERCIAL 36 H,42247.0,JORGE TRUJILLO PROMO,Estándar,TIENDA PROMOCIONAL,-74.194817834255,4.58955684515148,ENERO,2025,5,0,0,0,1/2025
200-TIENDA KOAJ VENTURA TERREROS II,STAFF COMERCIAL 48 H,42247.0,JORGE TRUJILLO PROMO,Estándar,TIENDA PROMOCIONAL,-74.194817834255,4.58955684515148,ENERO,2025,3,0,0,0,1/2025
530 TIENDA KOAJ SUBA RINCON,ADMINISTRADOR(A) DE TIENDA,42248.0,ANGIE VEGA,Estándar,ZONA NORTE,-74.0911722594511,4.72517720171832,ENERO,2025,1,0,0,0,1/2025
530 TIENDA KOAJ SUBA RINCON,CAJERO(A) 36 H,42248.0,ANGIE VEGA,Estándar,ZONA NORTE,-74.0911722594511,4.72517720171832,ENERO,2025,1,0,0,0,1/2025
530 TIENDA KOAJ SUBA RINCON,CAJERO(A) 48 H,42248.0,ANGIE VEGA,Estándar,ZONA NORTE,-74.0911722594511,4.72517720171832,ENERO,2025,1,0,0,0,1/2025
530 TIENDA KOAJ SUBA RINCON,COADMINISTRADOR(A) DE TIENDA,42248.0,ANGIE VEGA,Estándar,ZONA NORTE,-74.0911722594511,4.72517720171832,ENERO,2025,1,0,0,0,1/2025
530 TIENDA KOAJ SUBA RINCON,STAFF COMERCIAL 36 H,42248.0,ANGIE VEGA,Estándar,ZONA NORTE,-74.0911722594511,4.72517720171832,ENERO,2025,4,0,0,0,1/2025
530 TIENDA KOAJ SUBA RINCON,STAFF COMERCIAL 48 H,42248.0,ANGIE VEGA,Estándar,ZONA NORTE,-74.0911722594511,4.72517720171832,ENERO,2025,2,0,0,0,1/2025
531 TIENDA KOAJ TUNAL II,ADMINISTRADOR(A) DE TIENDA,42249.0,ALEXANDER RIOS,Estándar,ZONA SUR ORIENTE,-74.1296259612422,4.57855196040412,ENERO,2025,1,0,0,0,1/2025
531 TIENDA KOAJ TUNAL II,CAJERO(A) 36 H,42249.0,ALEXANDER RIOS,Estándar,ZONA SUR ORIENTE,-74.1296259612422,4.57855196040412,ENERO,2025,1,0,0,0,1/2025
531 TIENDA KOAJ TUNAL II,CAJERO(A) 48 H,42249.0,ALEXANDER RIOS,Estándar,ZONA SUR ORIENTE,-74.1296259612422,4.57855196040412,ENERO,2025,1,0,0,0,1/2025
531 TIENDA KOAJ TUNAL II,COADMINISTRADOR(A) DE TIENDA,42249.0,ALEXANDER RIOS,Estándar,ZONA SUR ORIENTE,-74.1296259612422,4.57855196040412,ENERO,2025,1,0,0,0,1/2025
531 TIENDA KOAJ TUNAL II,STAFF COMERCIAL 36 H,42249.0,ALEXANDER RIOS,Estándar,ZONA SUR ORIENTE,-74.1296259612422,4.57855196040412,ENERO,2025,3,0,0,0,1/2025
531 TIENDA KOAJ TUNAL II,STAFF COMERCIAL 48 H,42249.0,ALEXANDER RIOS,Estándar,ZONA SUR ORIENTE,-74.1296259612422,4.57855196040412,ENERO,2025,1,0,0,0,1/2025
532 TIENDA KOAJ PASEO VILLA DEL RIO,ADMINISTRADOR(A) DE TIENDA,42250.0,ALEXANDER RIOS,Pareto/Formadora,ZONA SUR ORIENTE,-74.1532058594565,4.59887934825392,ENERO,2025,1,0,0,0,1/2025
532 TIENDA KOAJ PASEO VILLA DEL RIO,CAJERO(A) 36 H,42250.0,ALEXANDER RIOS,Pareto/Formadora,ZONA SUR ORIENTE,-74.1532058594565,4.59887934825392,ENERO,2025,3,0,0,0,1/2025
532 TIENDA KOAJ PASEO VILLA DEL RIO,CAJERO(A) 48 H,42250.0,ALEXANDER RIOS,Pareto/Formadora,ZONA SUR ORIENTE,-74.1532058594565,4.59887934825392,ENERO,2025,1,0,0,0,1/2025
532 TIENDA KOAJ PASEO VILLA DEL RIO,COADMINISTRADOR(A) DE TIENDA,42250.0,ALEXANDER RIOS,Pareto/Formadora,ZONA SUR ORIENTE,-74.1532058594565,4.59887934825392,ENERO,2025,1,0,0,0,1/2025
532 TIENDA KOAJ PASEO VILLA DEL RIO,PARTNER COMERCIAL,42250.0,ALEXANDER RIOS,Pareto/Formadora,ZONA SUR ORIENTE,-74.1532058594565,4.59887934825392,ENERO,2025,2,0,0,0,1/2025
532 TIENDA KOAJ PASEO VILLA DEL RIO,STAFF COMERCIAL 36 H,42250.0,ALEXANDER RIOS,Pareto/Formadora,ZONA SUR ORIENTE,-74.1532058594565,4.59887934825392,ENERO,2025,13,0,0,0,1/2025
532 TIENDA KOAJ PASEO VILLA DEL RIO,STAFF COMERCIAL 48 H,42250.0,ALEXANDER RIOS,Pareto/Formadora,ZONA SUR ORIENTE,-74.1532058594565,4.59887934825392,ENERO,2025,5,0,0,0,1/2025
537 TIENDA KOAJ RESTREPO 2,ADMINISTRADOR(A) DE TIENDA,42252.0,ALEXANDER RIOS,Formadora,ZONA SUR ORIENTE,-74.1006700054196,4.58652192914868,ENERO,2025,1,0,0,0,1/2025
537 TIENDA KOAJ RESTREPO 2,CAJERO(A) 36 H,42252.0,ALEXANDER RIOS,Formadora,ZONA SUR ORIENTE,-74.1006700054196,4.58652192914868,ENERO,2025,1,0,0,0,1/2025
537 TIENDA KOAJ RESTREPO 2,CAJERO(A) 48 H,42252.0,ALEXANDER RIOS,Formadora,ZONA SUR ORIENTE,-74.1006700054196,4.58652192914868,ENERO,2025,1,0,0,0,1/2025
537 TIENDA KOAJ RESTREPO 2,COADMINISTRADOR(A) DE TIENDA,42252.0,ALEXANDER RIOS,Formadora,ZONA SUR ORIENTE,-74.1006700054196,4.58652192914868,ENERO,2025,1,0,0,0,1/2025
537 TIENDA KOAJ RESTREPO 2,STAFF COMERCIAL 36 H,42252.0,ALEXANDER RIOS,Formadora,ZONA SUR ORIENTE,-74.1006700054196,4.58652192914868,ENERO,2025,5,0,0,0,1/2025
537 TIENDA KOAJ RESTREPO 2,STAFF COMERCIAL 48 H,42252.0,ALEXANDER RIOS,Formadora,ZONA SUR ORIENTE,-74.1006700054196,4.58652192914868,ENERO,2025,4,0,0,0,1/2025
538 TIENDA KOAJ LO NUESTRO,ADMINISTRADOR(A) DE TIENDA,42253.0,ANDRES SEGURA,Formadora,ZONA CENTRO,-74.1159786306173,4.68428309389256,ENERO,2025,1,0,0,0,1/2025
538 TIENDA KOAJ LO NUESTRO,CAJERO(A) 36 H,42253.0,ANDRES SEGURA,Formadora,ZONA CENTRO,-74.1159786306173,4.68428309389256,ENERO,2025,1,0,0,0,1/2025
538 TIENDA KOAJ LO NUESTRO,CAJERO(A) 48 H,42253.0,ANDRES SEGURA,Formadora,ZONA CENTRO,-74.1159786306173,4.68428309389256,ENERO,2025,1,0,0,0,1/2025
538 TIENDA KOAJ LO NUESTRO,COADMINISTRADOR(A) DE TIENDA,42253.0,ANDRES SEGURA,Formadora,ZONA CENTRO,-74.1159786306173,4.68428309389256,ENERO,2025,1,0,0,0,1/2025
538 TIENDA KOAJ LO NUESTRO,STAFF COMERCIAL 36 H,42253.0,ANDRES SEGURA,Formadora,ZONA CENTRO,-74.1159786306173,4.68428309389256,ENERO,2025,7,0,0,0,1/2025
538 TIENDA KOAJ LO NUESTRO,STAFF COMERCIAL 48 H,42253.0,ANDRES SEGURA,Formadora,ZONA CENTRO,-74.1159786306173,4.68428309389256,ENERO,2025,4,0,0,0,1/2025
539 TIENDA KOAJ CALLE 12 CENTRO,ADMINISTRADOR(A) DE TIENDA,42254.0,ANDRES SEGURA,Estándar,ZONA CENTRO,-74.0739101729499,4.60043429349902,ENERO,2025,1,0,0,0,1/2025
539 TIENDA KOAJ CALLE 12 CENTRO,CAJERO(A) 36 H,42254.0,ANDRES SEGURA,Estándar,ZONA CENTRO,-74.0739101729499,4.60043429349902,ENERO,2025,1,0,0,0,1/2025
539 TIENDA KOAJ CALLE 12 CENTRO,CAJERO(A) 48 H,42254.0,ANDRES SEGURA,Estándar,ZONA CENTRO,-74.0739101729499,4.60043429349902,ENERO,2025,1,0,0,0,1/2025
539 TIENDA KOAJ CALLE 12 CENTRO,COADMINISTRADOR(A) DE TIENDA,42254.0,ANDRES SEGURA,Estándar,ZONA CENTRO,-74.0739101729499,4.60043429349902,ENERO,2025,1,0,0,0,1/2025
539 TIENDA KOAJ CALLE 12 CENTRO,STAFF COMERCIAL 36 H,42254.0,ANDRES SEGURA,Estándar,ZONA CENTRO,-74.0739101729499,4.60043429349902,ENERO,2025,3,0,0,0,1/2025
539 TIENDA KOAJ CALLE 12 CENTRO,STAFF COMERCIAL 48 H,42254.0,ANDRES SEGURA,Estándar,ZONA CENTRO,-74.0739101729499,4.60043429349902,ENERO,2025,3,0,0,0,1/2025
541 TIENDA KOAJ FACTORY,ADMINISTRADOR(A) DE TIENDA,42258.0,JORGE TRUJILLO PROMO,Estándar,TIENDA PROMOCIONAL,-74.1172823495967,4.63104821587674,ENERO,2025,1,0,0,0,1/2025
541 TIENDA KOAJ FACTORY,CAJERO(A) 36 H,42258.0,JORGE TRUJILLO PROMO,Estándar,TIENDA PROMOCIONAL,-74.1172823495967,4.63104821587674,ENERO,2025,2,0,0,0,1/2025
541 TIENDA KOAJ FACTORY,CAJERO(A) 48 H,42258.0,JORGE TRUJILLO PROMO,Estándar,TIENDA PROMOCIONAL,-74.1172823495967,4.63104821587674,ENERO,2025,1,0,0,0,1/2025
541 TIENDA KOAJ FACTORY,COADMINISTRADOR(A) DE TIENDA,42258.0,JORGE TRUJILLO PROMO,Estándar,TIENDA PROMOCIONAL,-74.1172823495967,4.63104821587674,ENERO,2025,1,0,0,0,1/2025
541 TIENDA KOAJ FACTORY,STAFF COMERCIAL 36 H,42258.0,JORGE TRUJILLO PROMO,Estándar,TIENDA PROMOCIONAL,-74.1172823495967,4.63104821587674,ENERO,2025,3,0,0,0,1/2025
541 TIENDA KOAJ FACTORY,STAFF COMERCIAL 48 H,42258.0,JORGE TRUJILLO PROMO,Estándar,TIENDA PROMOCIONAL,-74.1172823495967,4.63104821587674,ENERO,2025,1,0,0,0,1/2025
542 TIENDA KOAJ BOSA LA LIBERTAD,ADMINISTRADOR(A) DE TIENDA,42259.0,JORGE TRUJILLO LINEA,Pareto,ZONA SUR ,-74.1894198649387,4.62710161761022,ENERO,2025,1,0,0,0,1/2025
542 TIENDA KOAJ BOSA LA LIBERTAD,CAJERO(A) 36 H,42259.0,JORGE TRUJILLO LINEA,Pareto,ZONA SUR ,-74.1894198649387,4.62710161761022,ENERO,2025,3,0,0,0,1/2025
542 TIENDA KOAJ BOSA LA LIBERTAD,CAJERO(A) 48 H,42259.0,JORGE TRUJILLO LINEA,Pareto,ZONA SUR ,-74.1894198649387,4.62710161761022,ENERO,2025,1,0,0,0,1/2025
542 TIENDA KOAJ BOSA LA LIBERTAD,COADMINISTRADOR(A) DE TIENDA,42259.0,JORGE TRUJILLO LINEA,Pareto,ZONA SUR ,-74.1894198649387,4.62710161761022,ENERO,2025,1,0,0,0,1/2025
542 TIENDA KOAJ BOSA LA LIBERTAD,STAFF COMERCIAL 36 H,42259.0,JORGE TRUJILLO LINEA,Pareto,ZONA SUR ,-74.1894198649387,4.62710161761022,ENERO,2025,12,0,0,0,1/2025
542 TIENDA KOAJ BOSA LA LIBERTAD,STAFF COMERCIAL 48 H,42259.0,JORGE TRUJILLO LINEA,Pareto,ZONA SUR ,-74.1894198649387,4.62710161761022,ENERO,2025,4,0,0,0,1/2025
544 TIENDA KOAJ CENTRO MAYOR II,CAJERO(A) 36 H,42260.0,ALEXANDER RIOS,Pareto,ZONA SUR ORIENTE,-74.1234622189761,4.59193063958219,ENERO,2025,3,0,0,0,1/2025
544 TIENDA KOAJ CENTRO MAYOR II,CAJERO(A) 48 H,42260.0,ALEXANDER RIOS,Pareto,ZONA SUR ORIENTE,-74.1234622189761,4.59193063958219,ENERO,2025,1,0,0,0,1/2025
544 TIENDA KOAJ CENTRO MAYOR II,STAFF COMERCIAL 36 H,42260.0,ALEXANDER RIOS,Pareto,ZONA SUR ORIENTE,-74.1234622189761,4.59193063958219,ENERO,2025,14,0,0,0,1/2025
544 TIENDA KOAJ CENTRO MAYOR II,STAFF COMERCIAL 48 H,42260.0,ALEXANDER RIOS,Pareto,ZONA SUR ORIENTE,-74.1234622189761,4.59193063958219,ENERO,2025,4,0,0,0,1/2025
